Player,Full name,Wyscout id,Team,Team within selected timeframe,Team logo,Competition,Position,Primary position,"Primary position, %",Secondary position,"Secondary position, %",Third position,"Third position, %",Age,Birthday,Market value,Contract expires,Matches played,Minutes played,Goals,xG,Assists,xA,Duels per 90,"Duels won, %",Birth country,Passport country,Foot,Height,Weight,On loan,Successful defensive actions per 90,Defensive duels per 90,"Defensive duels won, %",Aerial duels per 90,"Aerial duels won, %",Sliding tackles per 90,PAdj Sliding tackles,Shots blocked per 90,Interceptions per 90,PAdj Interceptions,Fouls per 90,Yellow cards,Yellow cards per 90,Red cards,Red cards per 90,Successful attacking actions per 90,Goals per 90,Non-penalty goals,Non-penalty goals per 90,xG per 90,Head goals,Head goals per 90,Shots,Shots per 90,"Shots on target, %","Goal conversion, %",Assists per 90,Crosses per 90,"Accurate crosses, %",Crosses from left flank per 90,"Accurate crosses from left flank, %",Crosses from right flank per 90,"Accurate crosses from right flank, %",Crosses to goalie box per 90,Dribbles per 90,"Successful dribbles, %",Offensive duels per 90,"Offensive duels won, %",Touches in box per 90,Progressive runs per 90,Accelerations per 90,Received passes per 90,Received long passes per 90,Fouls suffered per 90,Passes per 90,"Accurate passes, %",Forward passes per 90,"Accurate forward passes, %",Back passes per 90,"Accurate back passes, %",Short / medium passes per 90,"Accurate short / medium passes, %",Long passes per 90,"Accurate long passes, %","Average pass length, m","Average long pass length, m",xA per 90,Shot assists per 90,Second assists per 90,Third assists per 90,Smart passes per 90,"Accurate smart passes, %",Key passes per 90,Passes to final third per 90,"Accurate passes to final third, %",Passes to penalty area per 90,"Accurate passes to penalty area, %",Through passes per 90,"Accurate through passes, %",Deep completions per 90,Deep completed crosses per 90,Progressive passes per 90,"Accurate progressive passes, %","Accurate vertical passes, %",Vertical passes per 90,Conceded goals,Conceded goals per 90,Shots against,Shots against per 90,Clean sheets,"Save rate, %",xG against,xG against per 90,Prevented goals,Prevented goals per 90,Back passes received as GK per 90,Exits per 90,Aerial duels per 90,Free kicks per 90,Direct free kicks per 90,"Direct free kicks on target, %",Corners per 90,Penalties taken,"Penalty conversion, %"
Beto,Roberto Orlando Affonso Júnior,65489,,Kitchee,,,RB,RB,100,,0,,0,39,1983-05-28,0,,4,396,1,0.64,2,0.67,12.05,47.17,Brazil,"['Brazil', 'Hong Kong']",,177,77,False,6.14,5.23,65.22,3.86,35.29,0.23,0.33,0.23,2.5,3.67,1.82,1,0.23,0,0.0,1.82,0.23,1,0.23,0.14,0,0.0,3,0.68,100.0,33.333,0.45,2.95,23.08,0.0,0.0,2.95,23.08,0.91,0.68,0.0,1.82,25.0,2.27,0.45,0.23,26.14,0.45,0.0,35.0,81.17,13.86,78.69,5.0,95.45,27.95,91.06,4.09,55.56,20.2,35.56,0.15,0.68,0.45,0.0,0.45,100.0,0.23,4.55,60.0,3.18,50.0,0.91,75.0,1.3599999999999999,0.68,7.27,84.38,74.55,12.5,0,,0,,0,0.0,0.0,0.0,,,0.91,,3.86,0.0,0.0,0.0,0.0,0,0
Yue Tze Nam,Tze Nam Yue,-80405,Meizhou Hakka,Eastern,https://cdn5.wyscout.com/photos/team/public/g27908_120x120.png,CSL,"RB, RWB",RB,73,RWB,26,,0,24,1998-05-12,350000,2025-12-31,4,380,0,0.0,0,0.0,24.3,53.7,Hong Kong,['Hong Kong'],right,172,68,False,12.15,9.45,71.43,3.6,37.5,0.9,1.94,0.45,4.5,9.68,0.9,0,0.0,0,0.0,1.8,0.0,0,0.0,0.0,0,0.0,0,0.0,0.0,0.0,0.0,0.9,0.0,0.0,0.0,0.9,0.0,0.0,3.6,50.0,5.85,53.85,1.35,2.7,2.25,23.85,1.35,1.35,35.1,73.08,14.85,54.55,8.1,88.89,30.15,77.61,4.05,55.56,15.41,26.46,0.0,0.0,0.0,0.0,0.0,0.0,0.0,5.4,50.0,0.45,0.0,0.0,0.0,0.45,0.0,6.75,60.0,80.0,4.5,0,,0,,0,0.0,0.0,0.0,,,0.0,,3.6,0.0,0.0,0.0,0.0,0,0
Yapp Hung Fai,Hung Fai Yapp,65492,Eastern,Eastern,https://cdn5.wyscout.com/photos/team/public/g9572_120x120.png,Premier League,GK,GK,100,,0,,0,32,1990-03-21,250000,,4,380,0,0.0,0,0.0,0.0,0.0,Hong Kong,['Hong Kong'],right,180,80,False,1.35,0.0,0.0,0.0,0.0,0.0,0.0,0.0,1.35,2.9,0.0,0,0.0,0,0.0,0.0,0.0,0,0.0,0.0,0,0.0,0,0.0,0.0,0.0,0.0,0.0,0.0,0.0,0.0,0.0,0.0,0.0,0.0,0.0,0.0,0.0,0.0,0.0,0.0,7.65,0.0,0.0,16.65,91.89,9.0,85.0,0.0,0.0,13.05,100.0,3.6,62.5,28.5,46.31,0.0,0.0,0.0,0.0,0.0,0.0,0.0,1.35,100.0,0.0,0.0,0.0,0.0,0.0,0.0,3.15,71.43,100.0,7.65,2,0.9,11,4.95,0,81.82,3.91,1.76,1.9100000000000001,0.859,0.0,0.9,0.0,,,,0.0,0,0
Fung Hing Wa,Hing Wa Fung,211577,,Eastern,,,"RCB, CB, LCB",RCB,49,CB,26,LCB,24,29,1992-12-12,0,,4,380,1,0.45,0,0.0,13.5,56.67,Hong Kong,['Hong Kong'],right,186,77,False,8.1,3.6,100.0,4.05,66.67,0.45,0.97,0.0,4.05,8.71,0.0,2,0.47000000000000003,0,0.0,1.35,0.24,0,0.0,0.2,0,0.0,3,1.35,66.67,0.0,0.0,0.0,0.0,0.0,0.0,0.0,0.0,0.0,0.9,50.0,2.7,16.67,1.35,0.45,0.0,27.0,0.0,0.45,39.6,80.68,16.2,55.56,2.7,100.0,32.85,87.67,6.75,46.67,22.79,38.64,0.0,0.0,0.0,0.0,0.0,0.0,0.0,4.5,50.0,0.0,0.0,0.0,0.0,0.0,0.0,6.75,60.0,97.78,20.25,0,,0,,0,0.0,0.0,0.0,,,1.8,,4.05,0.0,0.0,0.0,0.0,0,0
Mikael,Mikael Severo Burkatt,328226,,Eastern,,,"AMF, LW, RDMF",AMF,62,LW,24,RDMF,11,29,1993-04-06,550000,,4,380,1,0.29,0,0.0,33.3,48.65,Brazil,['Brazil'],right,180,73,False,9.9,6.3,57.14,7.2,43.75,1.8,3.87,0.45,4.5,9.68,1.35,0,0.0,0,0.0,4.95,0.24,0,0.0,0.13,0,0.0,3,1.35,0.0,0.0,0.0,1.35,33.33,0.9,50.0,0.45,0.0,0.0,7.2,62.5,15.3,52.94,0.9,2.7,0.9,29.7,1.35,4.5,47.7,80.19,16.65,70.27,6.75,100.0,41.85,86.02,4.5,40.0,18.35,33.88,0.0,0.9,0.0,0.0,0.0,0.0,0.0,12.6,75.0,3.15,42.86,0.45,0.0,0.45,0.45,9.9,86.36,82.05,17.55,0,,0,,0,0.0,0.0,0.0,,,0.45,,7.2,0.0,0.0,0.0,0.0,0,0
Chak Ting Fung,Ting Fung Chak,65526,Southern District,Southern District,https://cdn5.wyscout.com/photos/team/public/g14323_120x120.png,Premier League,LB,LB,100,,0,,0,32,1989-11-27,50000,,4,376,0,0.0,0,0.0,16.53,63.89,Hong Kong,['Hong Kong'],right,177,65,False,10.56,8.27,77.78,4.59,50.0,0.92,1.43,0.0,3.21,5.0,0.46,1,0.24,0,0.0,1.38,0.0,0,0.0,0.0,0,0.0,0,0.0,0.0,0.0,0.0,0.92,50.0,0.92,50.0,0.0,0.0,0.0,0.92,50.0,1.8399999999999999,25.0,0.46,0.0,0.0,11.94,0.92,0.46,19.74,83.72,8.72,78.95,2.3,80.0,13.78,93.33,5.05,63.64,22.2,29.89,0.0,0.0,0.0,0.0,0.92,50.0,0.0,2.76,66.67,0.46,100.0,0.46,100.0,0.46,0.46,4.13,88.89,100.0,7.35,0,,0,,0,0.0,0.0,0.0,,,0.0,,4.59,0.0,0.0,0.0,0.0,0,0
Luciano,Luciano Silva Da Silva,73621,,Southern District,,,LCB,LCB,100,,0,,0,35,1987-06-13,0,,4,376,1,0.05,1,0.38,8.72,68.42,Brazil,['Brazil'],,185,83,False,6.89,2.76,83.33,4.13,77.78,0.0,0.0,1.38,4.59,7.14,1.38,0,0.0,0,0.0,0.0,0.24,0,0.0,0.02,0,0.0,1,0.46,0.0,0.0,0.46,0.0,0.0,0.0,0.0,0.0,0.0,0.0,0.0,0.0,0.46,100.0,0.92,0.46,0.0,28.01,0.0,0.46,39.49,95.35,14.69,87.5,1.38,100.0,36.28,98.73,3.21,57.14,22.74,34.33,0.17,0.46,0.0,0.0,0.46,0.0,0.46,5.05,81.82,0.46,100.0,0.46,100.0,0.92,0.0,6.43,85.71,100.0,22.04,0,,0,,0,0.0,0.0,0.0,,,1.38,,4.13,0.0,0.0,0.0,0.0,0,0
Sealy Jonathan Jack,Jonathan Jack Sealy,151669,Hong Kong FC,Southern District,https://cdn5.wyscout.com/photos/team/public/g7537_120x120.png,Premier League,RB,RB,100,,0,,0,35,1987-05-04,25000,,4,376,0,0.0,0,0.0,12.86,50.0,England,"['England', 'Hong Kong']",right,175,70,False,8.72,7.35,62.5,0.92,50.0,0.92,1.43,0.46,3.21,5.0,1.8399999999999999,3,0.72,0,0.0,1.8399999999999999,0.0,0,0.0,0.0,0,0.0,0,0.0,0.0,0.0,0.0,1.38,33.33,0.0,0.0,1.38,33.33,0.46,1.38,33.33,2.76,50.0,0.0,0.92,0.46,20.66,0.92,0.46,28.01,83.61,13.78,76.67,4.59,100.0,23.42,88.24,3.21,71.43,19.11,40.87,0.0,0.0,0.0,0.0,0.92,100.0,0.0,5.97,76.92,1.8399999999999999,50.0,0.46,0.0,0.46,0.46,8.27,83.33,81.82,5.05,0,,0,,0,0.0,0.0,0.0,,,0.46,,0.92,0.0,0.0,0.0,0.0,0,0
Dudú,Luís Eduardo Chebel Klein Nunes,171951,Warriors,Southern District,https://cdn5.wyscout.com/photos/team/public/g40098_120x120.png,Premier League,RCB,RCB,100,,0,,0,32,1990-04-17,150000,,4,376,0,0.0,0,0.12,20.2,59.09,Brazil,['Brazil'],right,180,81,False,11.48,5.97,53.85,8.27,50.0,0.46,0.71,1.38,7.8100000000000005,12.14,0.92,1,0.24,0,0.0,1.8399999999999999,0.0,0,0.0,0.0,0,0.0,1,0.46,0.0,0.0,0.0,0.0,0.0,0.0,0.0,0.0,0.0,0.0,1.8399999999999999,100.0,3.21,85.71,0.46,1.38,0.92,33.06,0.0,0.46,48.21,87.62,25.26,81.82,2.76,100.0,38.11,91.57,10.1,72.73,24.57,46.45,0.06,0.46,0.0,0.0,0.0,0.0,0.46,14.23,80.65,2.76,66.67,2.3,40.0,1.8399999999999999,0.0,14.23,90.32,97.44,17.91,0,,0,,0,0.0,0.0,0.0,,,0.46,,8.27,0.0,0.0,0.0,0.0,0,0
S. Sasaki,Shu Sasaki,472118,Southern District,Southern District,https://cdn5.wyscout.com/photos/team/public/g14323_120x120.png,Premier League,"RDMF, AMF",RDMF,75,AMF,24,,0,31,1991-02-12,200000,,4,376,1,0.66,0,0.0,26.17,40.35,Japan,['Japan'],right,0,0,False,11.48,9.64,52.38,3.21,0.0,0.0,0.0,0.0,6.43,10.0,3.21,1,0.24,0,0.0,1.38,0.24,0,0.0,0.30000000000000004,0,0.0,6,2.76,16.67,0.0,0.0,0.0,0.0,0.0,0.0,0.0,0.0,0.0,2.76,33.33,10.1,40.91,2.76,0.92,0.92,21.58,1.8399999999999999,2.76,35.82,71.79,13.78,43.33,8.27,88.89,28.47,79.03,7.35,43.75,19.66,38.55,0.0,0.46,0.0,0.46,1.38,0.0,0.0,5.51,50.0,4.13,55.56,2.3,20.0,1.38,0.0,6.43,64.29,86.36,10.1,0,,0,,0,0.0,0.0,0.0,,,0.0,,3.21,0.0,0.0,0.0,0.0,0,0
Chan Yun Tung,Yun Tung Chan,-247779,Southern District,HK U23,https://cdn5.wyscout.com/photos/team/public/g14323_120x120.png,Premier League,RB,RB,100,,0,,0,20,2002-07-07,0,,4,373,0,0.0,0,0.0,20.05,46.51,Hong Kong,['Hong Kong'],right,175,0,False,15.85,10.73,69.57,1.4,0.0,1.87,2.03,0.47000000000000003,6.53,7.12,0.47000000000000003,1,0.24,0,0.0,0.47000000000000003,0.0,0,0.0,0.0,0,0.0,0,0.0,0.0,0.0,0.0,1.87,0.0,0.0,0.0,1.87,0.0,0.0,1.4,0.0,2.8,16.67,0.0,0.0,0.47000000000000003,12.59,0.93,0.0,22.38,62.5,9.33,70.0,1.87,75.0,17.25,67.57,3.26,71.43,18.73,30.35,0.0,0.47000000000000003,0.0,0.0,0.47000000000000003,100.0,0.0,1.87,50.0,3.26,14.29,0.93,50.0,0.47000000000000003,0.47000000000000003,7.46,37.5,58.82,7.93,0,,0,,0,0.0,0.0,0.0,,,0.0,,1.4,0.0,0.0,0.0,0.0,0,0
Cheuk Hei Pong,Cheuk Hei Pong,-220835,Resources Capital,HK U23,https://cdn5.wyscout.com/photos/team/public/g11979_120x120.png,Premier League,GK,GK,100,,0,,0,18,2004-01-31,0,,4,373,0,0.0,0,0.0,2.33,40.0,Hong Kong,['Hong Kong'],right,187,0,False,2.33,0.93,0.0,0.93,100.0,0.47000000000000003,0.51,0.0,1.87,2.03,0.0,0,0.0,0,0.0,0.0,0.0,0,0.0,0.0,0,0.0,0,0.0,0.0,0.0,0.0,0.0,0.0,0.0,0.0,0.0,0.0,0.0,0.0,0.0,0.0,0.0,0.0,0.0,0.0,9.79,0.0,0.47000000000000003,17.25,62.16,12.59,62.96,0.0,0.0,8.86,78.95,8.39,44.44,36.45,43.41,0.0,0.0,0.0,0.0,0.0,0.0,0.0,1.4,33.33,0.0,0.0,0.0,0.0,0.0,0.0,8.39,38.89,66.67,4.2,10,4.66,30,13.99,0,66.67,8.81,4.11,-1.19,-0.555,0.0,1.87,0.93,,,,0.0,0,0
K. Lok,Chow Ka Lok Leo,-76112,,HK U23,,,LB,LB,100,,0,,0,23,1999-04-17,0,,4,373,0,0.0,0,0.0,15.39,48.48,Hong Kong,['Hong Kong'],left,177,0,False,9.33,7.93,64.71,0.93,0.0,0.0,0.0,1.4,4.2,4.58,0.93,1,0.24,0,0.0,0.0,0.0,0,0.0,0.0,0,0.0,1,0.47000000000000003,0.0,0.0,0.0,0.47000000000000003,0.0,0.47000000000000003,0.0,0.0,0.0,0.0,0.0,0.0,2.8,50.0,0.0,0.0,0.0,12.59,0.47000000000000003,1.4,19.59,85.71,6.99,73.33,2.8,100.0,17.72,92.11,1.4,33.33,19.3,45.0,0.0,0.0,0.0,0.0,0.0,0.0,0.0,2.33,80.0,0.0,0.0,0.0,0.0,0.0,0.0,4.2,77.78,100.0,7.46,0,,0,,0,0.0,0.0,0.0,,,0.0,,0.93,0.93,0.0,0.0,0.47000000000000003,0,0
Ju Yingzhi,Yingzhi Ju,65691,Southern District,Southern District,https://cdn5.wyscout.com/photos/team/public/g14323_120x120.png,Premier League,"AMF, RDMF",AMF,75,RDMF,24,,0,35,1987-07-24,25000,2025-05-31,4,373,1,0.04,0,0.15,8.72,26.32,China PR,"['China PR', 'Hong Kong']",right,175,78,False,2.76,1.38,0.0,2.76,33.33,0.0,0.0,0.92,2.76,4.29,1.8399999999999999,0,0.0,0,0.0,1.38,0.24,0,0.0,0.02,0,0.0,3,1.38,33.33,0.0,0.0,0.46,0.0,0.0,0.0,0.46,0.0,0.0,0.92,50.0,1.8399999999999999,50.0,0.46,0.0,0.46,29.85,1.38,0.92,39.95,88.51,11.94,80.77,8.27,88.89,35.36,93.51,4.13,55.56,20.95,38.7,0.07,2.3,0.0,0.0,0.92,50.0,0.0,5.97,69.23,2.76,66.67,2.3,20.0,1.38,0.0,5.97,76.92,96.67,13.78,0,,0,,0,0.0,0.0,0.0,,,0.0,,2.76,3.67,0.92,0.0,5.05,0,0
M. Kim,Min-kyu Kim,-276227,BC Rangers,BC Rangers,https://cdn5.wyscout.com/photos/team/public/g3150_120x120.png,Premier League,"RB, CB, LB",RB,47,CB,18,LB,17,22,2000-07-07,0,,4,370,1,0.08,0,0.0,13.92,46.67,Korea Republic,['Korea Republic'],right,181,0,False,6.49,5.57,66.67,1.8599999999999999,25.0,0.0,0.0,0.0,2.7800000000000002,4.29,0.93,1,0.24,0,0.0,2.32,0.24,1,0.46,0.04,0,0.0,2,0.93,100.0,50.0,0.0,1.8599999999999999,0.0,0.0,0.0,1.8599999999999999,0.0,0.0,2.7800000000000002,50.0,5.57,41.67,0.93,0.0,0.0,19.95,1.8599999999999999,1.8599999999999999,29.69,81.25,13.45,75.86,3.71,87.5,22.73,89.8,5.1,72.73,19.77,33.38,0.0,0.0,0.0,0.0,0.0,0.0,0.0,3.71,62.5,1.3900000000000001,0.0,0.46,0.0,0.0,0.0,6.96,86.67,81.25,7.42,0,,0,,0,0.0,0.0,0.0,,,0.93,,1.8599999999999999,0.0,0.0,0.0,0.0,0,0
A. Sahaghian,Antoine Sahaghian,-298211,,Hong Kong FC,,,"RWB, RAMF",RWB,85,RAMF,14,,0,33,1988-12-16,0,,4,368,1,0.03,0,0.0,24.8,48.15,France,['France'],right,185,0,False,9.18,3.67,100.0,3.67,50.0,0.0,0.0,0.0,5.51,6.21,0.0,0,0.0,0,0.0,0.92,0.24,0,0.0,0.03,0,0.0,1,0.92,0.0,0.0,0.0,2.76,33.33,0.0,0.0,2.76,33.33,0.92,2.76,0.0,12.86,28.57,0.92,0.0,0.0,12.86,2.76,1.8399999999999999,23.88,53.85,8.27,66.67,0.0,0.0,19.29,57.14,1.8399999999999999,50.0,16.73,39.75,0.0,0.0,0.0,0.0,0.92,0.0,0.0,5.51,50.0,3.67,25.0,1.8399999999999999,0.0,0.0,0.92,6.43,57.14,41.67,11.02,0,,0,,0,0.0,0.0,0.0,,,0.0,,3.67,0.0,0.0,0.0,0.0,0,0
M. Fray,Martin Fray,-298191,Hong Kong FC,Hong Kong FC,https://cdn5.wyscout.com/photos/team/public/g7537_120x120.png,Premier League,"CB, RCB",CB,85,RCB,14,,0,36,1986-01-18,0,,4,368,0,0.31,0,0.0,11.02,66.67,England,['England'],right,188,0,False,11.02,3.67,75.0,5.51,50.0,0.0,0.0,0.92,8.27,9.31,0.0,1,0.24,0,0.0,0.0,0.0,0,0.0,0.28,0,0.0,1,0.92,0.0,0.0,0.0,0.0,0.0,0.0,0.0,0.0,0.0,0.0,0.0,0.0,0.92,100.0,0.92,0.0,0.0,6.43,0.0,1.8399999999999999,13.78,93.33,11.02,91.67,0.92,100.0,11.02,91.67,2.76,100.0,21.77,29.85,0.0,0.0,0.0,0.0,0.0,0.0,0.0,0.0,0.0,0.0,0.0,0.0,0.0,0.0,0.0,5.51,100.0,100.0,1.8399999999999999,0,,0,,0,0.0,0.0,0.0,,,0.92,,5.51,0.0,0.0,0.0,0.0,0,0
L. Bazán,Leandro Aníbal Bazán,250445,Unión San Felipe,BC Rangers,https://cdn5.wyscout.com/photos/team/public/2259_120x120.png,Primera B,CF,CF,100,,0,,0,32,1990-03-30,0,,4,367,7,1.26,0,0.0,35.13,42.47,Argentina,['Argentina'],right,181,0,False,1.9300000000000002,1.44,33.33,11.07,60.87,0.48,0.75,0.0,0.96,1.5,0.96,0,0.0,0,0.0,3.37,1.72,3,1.44,0.61,1,0.48,11,5.29,36.36,27.273,0.0,1.9300000000000002,0.0,0.48,0.0,1.44,0.0,1.44,4.8100000000000005,30.0,16.84,31.43,2.89,0.48,0.48,10.59,2.41,2.41,20.21,69.05,4.8100000000000005,50.0,4.8100000000000005,100.0,16.36,76.47,1.9300000000000002,75.0,16.72,30.88,0.0,0.0,0.0,0.0,0.96,0.0,0.0,2.41,80.0,2.41,0.0,0.96,50.0,0.0,0.0,1.9300000000000002,75.0,50.0,5.78,0,,0,,0,0.0,0.0,0.0,,,0.0,,11.07,0.48,0.48,0.0,0.0,0,0
Zeshan Rehman,Zeshan Rehman,85250,,Southern District,,,LDMF,LDMF,100,,0,,0,38,1983-10-14,0,,4,366,0,0.08,1,0.31,24.8,46.3,England,"['England', 'Pakistan']",right,189,84,False,12.86,11.94,61.54,7.35,56.25,0.46,0.71,0.46,5.05,7.86,3.21,0,0.0,0,0.0,1.8399999999999999,0.0,0,0.0,0.04,0,0.0,1,0.46,100.0,0.0,0.46,1.8399999999999999,75.0,0.92,100.0,0.92,50.0,0.46,0.46,0.0,0.46,0.0,1.8399999999999999,0.0,0.0,17.91,0.46,0.0,31.22,76.47,13.78,56.67,2.3,100.0,22.96,86.0,6.43,42.86,20.71,32.31,0.14,0.46,0.46,0.0,0.0,0.0,0.46,5.05,54.55,0.0,0.0,0.46,100.0,0.46,1.38,5.97,69.23,100.0,10.56,0,,0,,0,0.0,0.0,0.0,,,0.0,,7.35,0.0,0.0,0.0,0.0,0,0
J. Kilama,Jean-Jacques Kilama,65520,BC Rangers,BC Rangers,https://cdn5.wyscout.com/photos/team/public/g3150_120x120.png,Premier League,"LCB, LCB3",LCB,75,LCB3,14,,0,36,1985-10-13,10000,,4,359,0,0.16,1,0.22,16.7,55.56,Cameroon,"['Cameroon', 'Hong Kong']",right,186,89,False,7.89,3.25,71.43,6.49,57.14,0.46,0.71,0.46,5.1,7.86,0.93,1,0.25,0,0.0,1.3900000000000001,0.0,0,0.0,0.07,0,0.0,1,0.46,0.0,0.0,0.46,1.3900000000000001,33.33,0.46,0.0,0.93,50.0,0.0,1.3900000000000001,66.67,5.1,54.55,1.3900000000000001,0.93,0.93,22.27,0.93,0.93,40.36,85.06,13.92,66.67,3.25,100.0,32.94,94.37,6.03,46.15,22.89,34.21,0.1,0.46,0.0,0.0,0.0,0.0,0.46,1.3900000000000001,33.33,0.93,50.0,0.0,0.0,0.46,0.46,7.42,56.25,95.12,19.02,0,,0,,0,0.0,0.0,0.0,,,2.7800000000000002,,6.49,0.0,0.0,0.0,0.0,0,0
Lam Ka Wai,Ka Wai Lam,67781,BC Rangers,BC Rangers,https://cdn5.wyscout.com/photos/team/public/g3150_120x120.png,Premier League,"AMF, LCMF3, LW",AMF,56,LCMF3,15,LW,11,37,1985-06-05,0,,4,359,0,0.15,1,1.21,22.63,42.22,Hong Kong,['Hong Kong'],right,173,68,False,9.05,6.54,53.85,3.52,42.86,2.01,3.16,0.0,3.52,5.53,2.01,1,0.25,0,0.0,3.02,0.0,0,0.0,0.07,0,0.0,2,1.01,50.0,0.0,0.5,2.01,50.0,0.5,100.0,1.51,33.33,0.0,1.51,100.0,9.55,47.37,2.51,1.01,0.0,28.66,0.5,1.01,43.74,86.21,14.58,86.21,10.56,85.71,37.71,90.67,4.53,55.56,18.11,35.55,0.61,4.02,0.0,0.5,0.0,0.0,0.5,7.54,73.33,4.53,77.78,1.51,33.33,1.01,1.01,10.06,85.0,86.21,14.58,0,,0,,0,0.0,0.0,0.0,,,1.01,,3.52,4.53,0.5,0.0,3.52,0,0
M. McMillan,Marcus McMillan,305591,Hong Kong FC,Hong Kong FC,https://cdn5.wyscout.com/photos/team/public/g7537_120x120.png,Premier League,AMF,AMF,100,,0,,0,27,1995-05-05,50000,,4,357,0,0.08,0,0.11,17.45,52.63,Scotland,['Scotland'],,0,0,False,5.51,4.59,60.0,1.8399999999999999,0.0,0.0,0.0,0.92,2.76,3.1,0.92,2,0.5,0,0.0,0.92,0.0,0,0.0,0.08,0,0.0,4,3.67,0.0,0.0,0.0,0.92,0.0,0.0,0.0,0.92,0.0,0.0,2.76,33.33,7.35,50.0,0.92,0.92,0.92,11.02,1.8399999999999999,2.76,15.61,76.47,3.67,75.0,2.76,100.0,13.78,86.67,0.92,0.0,16.8,34.49,0.1,0.92,0.0,0.0,0.92,0.0,0.0,2.76,66.67,0.92,0.0,0.92,0.0,0.0,0.0,0.92,100.0,60.0,4.59,0,,0,,0,0.0,0.0,0.0,,,0.0,,1.8399999999999999,6.43,0.0,0.0,0.92,0,0
James Ha,James Stephen Gee Ha,151663,,Southern District,,,"RAMF, CF",RAMF,75,CF,24,,0,29,1992-12-26,0,,4,357,1,0.09,0,0.64,21.58,34.04,Hong Kong,['Hong Kong'],,179,75,False,4.59,6.43,57.14,3.21,14.29,0.0,0.0,0.0,0.92,1.43,1.38,1,0.25,0,0.0,2.76,0.25,0,0.0,0.04,0,0.0,3,1.38,0.0,0.0,0.0,2.3,20.0,0.46,100.0,1.8399999999999999,0.0,1.38,2.76,50.0,8.72,26.32,3.67,0.46,0.46,18.37,1.8399999999999999,0.92,26.17,68.42,5.51,50.0,7.8100000000000005,94.12,22.04,75.0,1.8399999999999999,50.0,13.98,32.75,0.29,0.92,0.0,0.0,1.8399999999999999,50.0,0.92,2.3,40.0,2.3,60.0,2.3,40.0,1.38,0.46,2.76,83.33,52.94,7.8100000000000005,0,,0,,0,0.0,0.0,0.0,,,0.0,,3.21,0.0,0.0,0.0,0.0,0,0
Stefan Pereira,Stefan Figueiredo Pereira,70756,,Southern District,,,"CF, RAMF",CF,80,RAMF,19,,0,34,1988-04-16,100000,,4,355,7,2.1,0,0.0,28.03,36.84,Brazil,"['Brazil', 'Hong Kong']",right,174,76,False,2.46,2.46,40.0,9.34,21.05,0.0,0.0,0.0,1.48,2.37,0.98,0,0.0,0,0.0,6.39,1.77,4,1.97,1.04,1,0.49,7,3.44,57.14,57.143,0.0,2.46,40.0,0.0,0.0,2.46,40.0,0.0,6.89,42.86,12.3,52.0,5.41,0.49,0.49,19.18,3.44,1.97,25.57,69.23,5.9,58.33,4.92,70.0,21.64,72.73,1.48,66.67,18.69,48.13,0.0,0.0,0.0,0.0,1.48,33.33,0.0,4.92,80.0,1.97,50.0,1.48,33.33,0.49,0.98,5.41,100.0,81.25,7.87,0,,0,,0,0.0,0.0,0.0,,,0.0,,9.34,0.0,0.0,0.0,0.0,0,0
Lo Kwan Yee,Kwan Yee Lo,69408,BC Rangers,BC Rangers,https://cdn5.wyscout.com/photos/team/public/g3150_120x120.png,Premier League,"DMF, RB, LCMF",DMF,31,RB,27,LCMF,15,37,1984-10-09,0,,4,354,1,0.76,1,0.04,12.99,39.29,Hong Kong,['Hong Kong'],right,168,0,False,3.71,6.03,38.46,2.32,40.0,0.0,0.0,0.0,1.3900000000000001,2.14,1.8599999999999999,1,0.25,0,0.0,3.25,0.25,0,0.0,0.35000000000000003,0,0.0,2,0.93,50.0,50.0,0.46,2.32,60.0,0.0,0.0,2.32,60.0,0.0,0.93,100.0,1.8599999999999999,50.0,0.93,0.46,0.46,27.84,0.93,0.46,39.9,90.7,12.99,85.71,10.21,95.45,32.47,95.71,5.1,72.73,20.9,38.92,0.02,0.46,0.0,0.0,0.46,100.0,0.46,4.64,70.0,1.3900000000000001,100.0,1.3900000000000001,66.67,0.46,0.93,7.89,100.0,96.3,12.53,0,,0,,0,0.0,0.0,0.0,,,0.93,,2.32,0.0,0.0,0.0,0.0,1,100
Matt Orr,Matthew Elliot Orr Wing Kai,-65443, Shenzhen Peng City,Kitchee,https://cdn5.wyscout.com/photos/team/public/g430_120x120.png,CSL,"LWF, LW, LAMF",LWF,27,LW,26,LAMF,24,25,1997-01-01,400000,2025-12-31,4,352,1,1.6800000000000002,2,1.3900000000000001,20.45,33.75,Hong Kong,"['Hong Kong', 'New Zealand']",left,188,80,False,3.84,3.84,46.67,4.35,41.18,0.26,0.38,0.0,1.79,2.66,1.53,0,0.0,0,0.0,4.09,0.26,1,0.26,0.43,0,0.0,9,2.3,66.67,11.111,0.51,3.58,21.43,3.58,21.43,0.0,0.0,0.77,3.84,46.67,7.93,25.81,4.35,2.3,0.26,12.53,1.28,1.02,18.15,74.65,5.11,80.0,3.32,100.0,14.32,87.5,0.51,50.0,20.04,19.23,0.36,1.53,0.0,0.0,0.0,0.0,1.02,0.26,0.0,1.79,57.14,0.0,0.0,1.53,1.02,3.07,83.33,64.29,3.58,0,,0,,0,0.0,0.0,0.0,,,0.0,,4.35,0.0,0.0,0.0,0.0,0,0
T. Harrington,Tom  Harrington,-298187,,Hong Kong FC,,,"LCB3, LB",LCB3,85,LB,14,,0,29,1992-10-06,0,,4,347,0,0.0,0,0.31,20.2,59.09,England,['England'],right,186,0,False,16.53,11.02,58.33,4.59,60.0,0.92,1.03,0.0,9.18,10.34,0.0,2,0.52,0,0.0,0.92,0.0,0,0.0,0.0,0,0.0,0,0.0,0.0,0.0,0.0,0.0,0.0,0.0,0.0,0.0,0.0,0.0,0.92,100.0,2.76,66.67,1.8399999999999999,0.0,0.92,11.94,0.0,0.0,25.71,60.71,18.37,65.0,0.92,100.0,16.53,72.22,9.18,40.0,21.68,33.52,0.29,1.8399999999999999,0.0,0.0,0.92,0.0,0.92,2.76,33.33,1.8399999999999999,0.0,0.92,0.0,1.8399999999999999,0.0,6.43,42.86,33.33,2.76,0,,0,,0,0.0,0.0,0.0,,,0.92,,4.59,0.0,0.0,0.0,0.0,0,0
Sun Ming Him,Ming Him Sun,-102084,Cangzhou Mighty Lions,Eastern,https://cdn5.wyscout.com/photos/team/public/g21226_120x120.png,CSL,"LAMF, AMF, RW",LAMF,38,AMF,31,RW,29,22,2000-06-19,300000,2024-12-31,4,337,1,0.05,0,0.0,24.0,40.91,Hong Kong,['Hong Kong'],left,178,68,False,7.09,7.09,76.92,2.73,0.0,0.0,0.0,0.0,1.6400000000000001,3.46,1.09,0,0.0,0,0.0,0.55,0.27,0,0.0,0.02,0,0.0,2,1.09,0.0,0.0,0.0,1.09,0.0,0.0,0.0,1.09,0.0,0.55,1.09,50.0,5.45,30.0,1.09,1.09,0.55,7.09,2.18,0.55,12.55,52.17,3.27,50.0,1.6400000000000001,66.67,10.91,55.0,0.55,100.0,16.63,20.95,0.0,0.0,0.0,0.0,0.0,0.0,0.0,1.6400000000000001,33.33,1.09,50.0,0.0,0.0,0.55,0.55,1.09,0.0,57.14,3.8200000000000003,0,,0,,0,0.0,0.0,0.0,,,0.0,,2.73,1.09,0.55,0.0,0.0,0,0
Léo,Leonardo José Peres,-292486,Hong Kong FC,Hong Kong FC,https://cdn5.wyscout.com/photos/team/public/g7537_120x120.png,Premier League,CF,CF,100,,0,,0,30,1992-04-07,0,,4,336,1,0.11,0,0.01,41.79,48.72,Brazil,['Brazil'],right,187,0,False,5.36,5.36,80.0,13.93,46.15,0.0,0.0,0.0,1.07,1.2,1.07,0,0.0,0,0.0,1.07,0.27,0,0.0,0.12,0,0.0,1,1.07,0.0,0.0,0.0,0.0,0.0,0.0,0.0,0.0,0.0,0.0,3.21,33.33,16.07,33.33,2.14,3.21,2.14,12.86,4.29,6.43,25.71,62.5,7.5,28.57,7.5,71.43,25.71,62.5,0.0,0.0,14.43,0.0,0.01,1.07,0.0,0.0,1.07,0.0,0.0,4.29,50.0,1.07,0.0,1.07,0.0,0.0,0.0,2.14,100.0,87.5,8.57,0,,0,,0,0.0,0.0,0.0,,,0.0,,13.93,0.0,0.0,0.0,0.0,0,0
Yiu Ho Ming,Ho Ming Yiu,312427,BC Rangers,BC Rangers,https://cdn5.wyscout.com/photos/team/public/g3150_120x120.png,Premier League,"LB, LWB",LB,73,LWB,18,,0,27,1995-05-01,50000,,4,332,0,0.09,0,0.08,17.76,40.0,Hong Kong,['Hong Kong'],,175,64,False,7.7,10.07,52.94,1.78,33.33,0.0,0.0,0.0,2.37,3.5300000000000002,0.59,0,0.0,0,0.0,0.0,0.0,0,0.0,0.06,0,0.0,1,0.59,0.0,0.0,0.0,1.78,0.0,1.78,0.0,0.0,0.0,0.59,1.18,0.0,2.96,20.0,1.78,0.0,0.0,13.03,1.18,0.59,20.13,67.65,10.07,76.47,2.96,60.0,15.99,77.78,2.96,40.0,19.64,47.47,0.05,1.18,0.0,0.0,0.0,0.0,0.0,1.18,100.0,0.59,0.0,0.59,0.0,0.59,0.0,5.33,66.67,50.0,4.74,0,,0,,0,0.0,0.0,0.0,,,1.18,,1.78,0.59,0.0,0.0,0.0,0,0
Gondra,Marcos Gondra Krug,61996,Eastern,Eastern,https://cdn5.wyscout.com/photos/team/public/g9572_120x120.png,Premier League,"LDMF, LCB3",LDMF,65,LCB3,34,,0,35,1987-01-01,100000,2026-06-30,4,331,1,0.5,0,0.0,25.03,61.9,Spain,['Spain'],left,187,80,False,7.15,5.96,70.0,10.73,61.11,0.0,0.0,0.6000000000000001,2.98,6.82,0.0,0,0.0,0,0.0,1.79,0.27,0,0.0,0.30000000000000004,0,0.0,3,1.79,33.33,0.0,0.0,0.6000000000000001,100.0,0.6000000000000001,100.0,0.0,0.0,0.0,0.6000000000000001,100.0,5.96,60.0,2.38,0.6000000000000001,0.0,28.01,0.0,3.58,42.32,81.69,17.28,75.86,5.96,90.0,30.99,90.38,10.73,55.56,23.07,34.65,0.0,0.0,0.0,0.0,0.0,0.0,0.0,8.94,60.0,1.19,50.0,0.0,0.0,0.6000000000000001,0.6000000000000001,9.54,75.0,92.31,15.5,0,,0,,0,0.0,0.0,0.0,,,0.0,,10.73,0.6000000000000001,0.6000000000000001,100.0,0.0,0,0
Ng Wai Him,Wai Him Ng,-183451,Southern District,Southern District,https://cdn5.wyscout.com/photos/team/public/g14323_120x120.png,Premier League,GK,GK,100,,0,,0,20,2002-06-30,0,,4,330,0,0.0,0,0.0,1.8399999999999999,75.0,Hong Kong,['Hong Kong'],right,183,80,False,0.46,0.0,0.0,0.92,100.0,0.0,0.0,0.0,0.46,0.71,0.0,0,0.0,0,0.0,0.0,0.0,0,0.0,0.0,0,0.0,0,0.0,0.0,0.0,0.0,0.0,0.0,0.0,0.0,0.0,0.0,0.0,0.0,0.0,0.92,50.0,0.0,0.0,0.0,2.76,0.0,0.92,11.48,92.0,8.27,88.89,0.0,0.0,7.35,100.0,4.13,77.78,29.21,40.04,0.0,0.0,0.0,0.0,0.0,0.0,0.0,0.0,0.0,0.0,0.0,0.0,0.0,0.0,0.0,3.21,85.71,100.0,2.76,0,0.0,9,4.13,2,100.0,0.97,0.45,0.97,0.445,0.0,3.21,0.92,,,,0.0,0,0
Everton Camargo,Everton Camargo,431933,Warriors,Eastern,https://cdn5.wyscout.com/photos/team/public/g40098_120x120.png,Premier League,"RAMF, CF, AMF",RAMF,45,CF,41,AMF,13,31,1991-05-25,400000,2026-06-30,4,329,1,0.8,0,0.16,29.82,35.71,Brazil,"['Brazil', 'Hong Kong']",left,182,78,False,2.66,3.73,28.57,5.33,20.0,0.0,0.0,0.0,1.6,3.33,2.13,0,0.0,0,0.0,9.59,0.27,0,0.0,0.43,0,0.0,4,2.13,25.0,0.0,0.0,6.39,50.0,1.6,0.0,4.26,62.5,0.53,9.05,64.71,17.04,40.63,2.13,2.13,1.07,12.78,1.07,2.13,23.96,77.78,6.92,84.62,4.79,88.89,15.98,90.0,1.6,66.67,19.85,23.87,0.09,1.6,0.0,0.0,0.0,0.0,1.07,2.66,80.0,5.86,63.64,0.0,0.0,0.53,3.2,5.33,100.0,76.47,9.05,0,,0,,0,0.0,0.0,0.0,,,0.0,,5.33,0.0,0.0,0.0,0.0,0,0
Leung Chun Pong,Chun Pong Leung,65542,Eastern,Eastern,https://cdn5.wyscout.com/photos/team/public/g9572_120x120.png,Premier League,"LCB, DMF",LCB,66,DMF,33,,0,35,1986-10-01,50000,,4,327,0,0.0,0,0.0,15.92,50.0,Hong Kong,['Hong Kong'],right,175,70,False,9.18,6.12,70.0,3.67,50.0,1.22,2.5,0.0,3.67,7.5,1.8399999999999999,2,0.55,0,0.0,0.0,0.0,0,0.0,0.0,0,0.0,0,0.0,0.0,0.0,0.0,0.0,0.0,0.0,0.0,0.0,0.0,0.0,1.22,0.0,3.67,16.67,0.0,0.61,0.0,23.27,0.61,0.0,36.73,95.0,17.14,92.86,2.45,100.0,33.67,94.55,3.06,100.0,19.79,17.25,0.0,0.0,0.0,0.0,0.0,0.0,0.0,3.06,100.0,0.0,0.0,0.0,0.0,0.0,0.0,6.12,70.0,96.15,15.92,0,,0,,0,0.0,0.0,0.0,,,0.61,,3.67,0.0,0.0,0.0,0.0,0,0
Juninho,Walter Soares Belitardo Júnior,285106,Kitchee,BC Rangers,https://cdn5.wyscout.com/photos/team/public/3801_120x120.png,Premier League,"CF, LAMF",CF,64,LAMF,28,,0,31,1990-12-11,200000,,4,325,2,0.5,0,0.0,21.1,41.18,Brazil,"['Brazil', 'Hong Kong']",left,180,79,False,1.8599999999999999,3.1,40.0,3.7199999999999998,66.67,0.0,0.0,0.0,0.62,1.07,2.48,1,0.28,0,0.0,2.48,0.55,1,0.62,0.31,0,0.0,2,1.24,50.0,50.0,0.0,1.8599999999999999,33.33,0.62,0.0,1.24,50.0,0.62,1.8599999999999999,66.67,11.17,33.33,3.1,1.8599999999999999,1.24,12.41,3.1,3.7199999999999998,18.62,70.0,3.7199999999999998,33.33,4.97,87.5,14.28,78.26,2.48,50.0,16.39,37.14,0.0,0.0,0.0,0.0,0.62,0.0,0.0,1.8599999999999999,33.33,1.24,50.0,1.24,0.0,0.0,0.62,1.8599999999999999,66.67,72.73,6.83,0,,0,,0,0.0,0.0,0.0,,,0.0,,3.7199999999999998,0.0,0.0,0.0,0.0,0,0
F. Schipper,Freek Schipper,151675,,Hong Kong FC,,,"RCMF, LCMF, LDMF",RCMF,65,LCMF,20,LDMF,14,38,1983-10-25,0,,4,325,1,0.0,0,0.0,7.35,75.0,Netherlands,"['Netherlands', 'Hong Kong']",,0,0,False,4.59,2.76,66.67,0.0,0.0,0.0,0.0,0.92,2.76,3.1,0.0,1,0.28,0,0.0,0.92,0.28,0,0.0,0.0,0,0.0,0,0.0,0.0,0.0,0.0,0.0,0.0,0.0,0.0,0.0,0.0,0.0,0.92,100.0,2.76,66.67,0.0,0.0,0.0,22.04,0.0,0.92,35.82,82.05,11.94,76.92,1.8399999999999999,100.0,28.47,83.87,7.35,75.0,20.95,36.83,0.0,0.0,0.0,0.0,0.0,0.0,0.0,6.43,71.43,0.0,0.0,0.0,0.0,0.0,0.0,5.51,83.33,75.0,14.69,0,,0,,0,0.0,0.0,0.0,,,0.92,,0.0,0.0,0.0,0.0,0.0,0,0
C. Scott,Charlie Scott,420197,Semen Padang,Kitchee,https://cdn5.wyscout.com/photos/team/public/g1161_120x120.png,,"DMF, LDMF, RCMF3",DMF,35,LDMF,31,RCMF3,19,24,1997-09-02,400000,,4,321,0,0.39,1,1.6400000000000001,18.79,50.75,England,['England'],right,188,0,False,12.06,7.85,53.57,3.93,71.43,1.12,1.71,0.56,6.73,10.29,1.6800000000000002,0,0.0,0,0.0,1.12,0.0,0,0.0,0.11,0,0.0,5,1.4,40.0,0.0,0.28,0.84,33.33,0.56,0.0,0.28,100.0,0.28,0.28,100.0,3.08,36.36,0.56,0.28,0.0,25.51,0.56,0.84,37.85,81.48,14.02,70.0,3.64,92.31,33.36,88.24,3.64,30.77,20.34,27.02,0.46,3.36,0.28,0.0,0.0,0.0,0.28,9.53,73.53,3.36,58.33,1.12,50.0,1.4,0.28,6.73,70.83,89.09,15.42,0,,0,,0,0.0,0.0,0.0,,,0.0,,3.93,2.24,0.56,100.0,7.85,0,0
D. Damjanović,Dejan Damjanović,26910,,Kitchee,,,CF,CF,100,,0,,0,40,1981-07-27,0,,4,318,4,3.69,0,0.43,16.7,40.68,Bosnia and Herzegovina,"['Bosnia and Herzegovina', 'Montenegro']",right,187,81,False,3.96,3.11,54.55,1.42,40.0,0.0,0.0,0.0,2.26,3.29,0.85,0,0.0,0,0.0,5.66,1.13,4,1.13,1.04,1,0.28,15,4.25,73.33,26.667,0.0,1.7000000000000002,66.67,1.13,75.0,0.5700000000000001,50.0,0.5700000000000001,2.55,33.33,8.77,35.48,4.8100000000000005,0.28,0.0,17.26,2.83,1.42,22.92,81.48,6.23,68.18,7.08,96.0,19.25,83.82,1.98,71.43,20.74,19.94,0.12,1.42,0.0,0.0,0.85,66.67,0.85,2.83,70.0,3.4,75.0,1.7000000000000002,66.67,1.7000000000000002,1.13,3.4,91.67,86.36,6.23,0,,0,,0,0.0,0.0,0.0,,,0.28,,1.42,0.0,0.0,0.0,0.0,0,0
Huang Yang,Yang Huang,206780,Kitchee,Kitchee,https://cdn5.wyscout.com/photos/team/public/3801_120x120.png,Premier League,"DMF, RDMF",DMF,59,RDMF,33,,0,38,1983-10-19,25000,,4,302,0,0.0,0,0.51,13.41,48.89,China PR,"['China PR', 'Hong Kong']",,176,72,False,8.05,6.5600000000000005,50.0,2.68,44.44,0.6000000000000001,0.86,0.0,4.17,6.0,2.09,2,0.6000000000000001,0,0.0,0.30000000000000004,0.0,0,0.0,0.0,0,0.0,0,0.0,0.0,0.0,0.0,0.30000000000000004,100.0,0.0,0.0,0.30000000000000004,100.0,0.0,0.0,0.0,1.49,60.0,0.30000000000000004,0.0,0.0,16.39,0.30000000000000004,0.6000000000000001,32.19,81.48,14.6,69.39,2.68,88.89,27.42,88.04,4.47,40.0,18.42,30.25,0.15,0.89,0.0,0.0,0.0,0.0,0.0,7.15,58.33,2.09,28.57,0.0,0.0,0.30000000000000004,0.30000000000000004,5.66,73.68,91.43,10.43,0,,0,,0,0.0,0.0,0.0,,,0.6000000000000001,,2.68,0.0,0.0,0.0,0.0,0,0
Lee Oi Hin,Oi Hin Lee,-96932,Yuen Long,HK U23,https://cdn5.wyscout.com/photos/team/public/g16448_120x120.png,,"LAMF, RAMF",LAMF,74,RAMF,25,,0,22,1999-07-16,0,,4,302,0,0.18,0,0.0,19.53,53.57,Hong Kong,['Hong Kong'],right,174,0,False,5.58,6.28,88.89,2.79,25.0,0.0,0.0,0.0,0.0,0.0,0.0,0,0.0,0,0.0,2.79,0.0,0,0.0,0.12,0,0.0,3,2.09,100.0,0.0,0.0,0.0,0.0,0.0,0.0,0.0,0.0,0.0,2.09,33.33,9.07,30.77,0.0,1.4,0.7000000000000001,8.37,0.7000000000000001,1.4,16.05,73.91,4.19,83.33,3.49,100.0,13.95,80.0,2.09,33.33,17.7,23.81,0.0,0.7000000000000001,0.0,0.0,0.0,0.0,0.7000000000000001,2.09,66.67,0.0,0.0,0.7000000000000001,0.0,0.0,0.0,2.09,66.67,77.78,6.28,0,,0,,0,0.0,0.0,0.0,,,0.0,,2.79,0.0,0.0,0.0,0.0,0,0
Paulo César,Paulo César da Silva Argolo,77098,,Kitchee,,,GK,GK,100,,0,,0,36,1986-03-27,25000,,3,300,0,0.0,0,0.0,2.1,57.14,Brazil,"['Brazil', 'Hong Kong']",right,194,97,False,1.8,0.0,0.0,1.8,50.0,0.0,0.0,0.0,1.8,2.5,0.0,1,0.30000000000000004,0,0.0,0.0,0.0,0,0.0,0.0,0,0.0,0,0.0,0.0,0.0,0.0,0.0,0.0,0.0,0.0,0.0,0.0,0.0,0.0,0.0,0.30000000000000004,100.0,0.0,0.0,0.0,7.5,0.30000000000000004,0.6000000000000001,13.5,88.89,7.5,84.0,0.0,0.0,9.6,100.0,3.9,61.54,32.24,50.77,0.0,0.0,0.0,0.0,0.0,0.0,0.0,0.0,0.0,0.0,0.0,0.0,0.0,0.0,0.0,3.9,76.92,94.74,5.7,3,0.9,15,4.5,1,80.0,2.99,0.9,-0.01,-0.003,0.0,3.0,1.8,,,,0.0,0,0
Daniel Cancela,Daniel Cancela Rodriguez,61546,,Kitchee,,,LB,LB,100,,0,,0,40,1981-09-23,0,,3,298,0,0.0,0,0.23,17.21,57.89,Spain,"['Spain', 'Hong Kong']",left,176,71,False,9.36,7.25,54.17,2.42,62.5,0.91,1.3,0.0,4.53,6.52,0.91,1,0.30000000000000004,0,0.0,1.81,0.0,0,0.0,0.0,0,0.0,1,0.30000000000000004,0.0,0.0,0.0,4.23,28.57,3.93,30.77,0.0,0.0,0.91,0.91,33.33,2.7199999999999998,44.44,0.91,0.91,0.30000000000000004,21.44,0.6000000000000001,1.21,34.73,74.78,15.1,70.0,4.83,87.5,25.67,88.24,4.83,43.75,20.61,32.33,0.07,0.91,0.0,0.30000000000000004,0.30000000000000004,100.0,0.0,6.95,52.17,4.83,43.75,0.6000000000000001,50.0,1.51,1.21,7.55,80.0,78.79,9.97,0,,0,,0,0.0,0.0,0.0,,,0.0,,2.42,0.0,0.0,0.0,0.0,0,0
Raúl Baena,José Raúl Baena Urdiales,99575,,Kitchee,,,"AMF, RCMF, RCMF3",AMF,33,RCMF,33,RCMF3,32,33,1989-03-02,50000,,3,298,2,1.1400000000000001,3,0.84,24.46,43.21,Spain,['Spain'],right,181,73,False,7.25,6.34,57.14,2.7199999999999998,44.44,0.0,0.0,0.6000000000000001,3.62,5.22,2.42,3,0.91,0,0.0,3.62,0.6000000000000001,2,0.6000000000000001,0.34,0,0.0,11,3.32,45.45,18.182,0.91,2.11,57.14,1.51,60.0,0.6000000000000001,50.0,0.6000000000000001,1.51,40.0,9.36,48.39,4.23,0.91,0.6000000000000001,22.65,0.30000000000000004,3.32,32.32,82.24,12.38,78.05,4.83,93.75,27.18,86.67,3.32,63.64,18.22,29.94,0.25,1.21,0.6000000000000001,0.0,0.6000000000000001,50.0,1.21,6.64,68.18,3.62,66.67,0.91,66.67,2.42,0.91,6.04,95.0,80.56,10.87,0,,0,,0,0.0,0.0,0.0,,,0.0,,2.7199999999999998,0.0,0.0,0.0,0.0,0,0
Yu Wai Lim,Wai Lim Yu,433150,Wuxi Wugou,Warriors,https://cdn5.wyscout.com/photos/team/public/g-14020_120x120.png,China League One,"RCB, RCB3",RCB,85,RCB3,14,,0,23,1998-09-20,125000,,3,287,0,0.48,0,0.0,10.96,50.0,Hong Kong,['Hong Kong'],right,180,71,False,5.03,3.2,71.43,3.2,42.86,0.0,0.0,0.46,2.74,5.29,0.91,1,0.31,0,0.0,0.46,0.0,0,0.0,0.22,0,0.0,4,1.83,0.0,0.0,0.0,0.46,0.0,0.0,0.0,0.46,0.0,0.0,0.46,100.0,1.37,66.67,1.83,1.37,0.0,41.12,0.46,0.0,55.28,90.91,15.53,82.35,5.94,100.0,51.17,94.64,3.65,50.0,23.77,46.82,0.0,0.0,0.0,0.0,0.0,0.0,0.0,7.77,76.47,0.91,0.0,0.91,0.0,0.0,0.0,6.85,86.67,96.92,29.7,0,,0,,0,0.0,0.0,0.0,,,1.83,,3.2,0.0,0.0,0.0,0.0,0,0
Cheng Chin Lung,Chin Lung Cheng,419039,Kitchee,Southern District,https://cdn5.wyscout.com/photos/team/public/3801_120x120.png,Premier League,LAMF,LAMF,100,,0,,0,24,1998-01-07,0,,4,287,0,0.0,1,0.5700000000000001,19.87,26.47,Hong Kong,['Hong Kong'],,169,68,False,6.43,4.68,50.0,2.34,25.0,0.0,0.0,0.58,4.09,7.24,0.0,0,0.0,0,0.0,1.17,0.0,0,0.0,0.0,0,0.0,0,0.0,0.0,0.0,0.58,2.34,0.0,2.34,0.0,0.0,0.0,0.0,0.0,0.0,9.94,23.53,3.51,0.0,0.58,25.71,4.09,1.75,35.65,75.41,9.35,75.0,12.86,86.36,30.39,80.77,2.92,80.0,18.65,47.4,0.33,0.58,0.0,0.0,2.34,50.0,0.58,5.84,80.0,4.68,50.0,3.51,66.67,1.75,0.0,7.6,84.62,58.82,9.94,0,,0,,0,0.0,0.0,0.0,,,0.0,,2.34,0.0,0.0,0.0,0.0,0,0
J. Acosta,Jonatan Leonel Acosta,278129,Warriors,Warriors,https://cdn5.wyscout.com/photos/team/public/g40098_120x120.png,Premier League,"RCMF3, AMF, RW",RCMF3,49,AMF,24,RW,14,33,1988-10-11,0,,3,285,0,0.96,1,1.28,15.23,42.42,Argentina,['Argentina'],right,175,76,False,2.77,1.85,25.0,1.85,50.0,0.46,0.91,0.0,1.85,3.64,0.0,0,0.0,0,0.0,4.15,0.0,0,0.0,0.44,0,0.0,3,1.38,33.33,0.0,0.46,2.77,50.0,0.46,0.0,2.31,60.0,0.0,4.62,40.0,10.15,45.45,2.77,2.31,2.31,22.62,0.46,0.92,35.08,82.89,12.46,70.37,6.0,100.0,28.62,88.71,3.69,62.5,20.84,34.52,0.59,3.69,0.0,0.0,0.46,100.0,0.46,6.0,61.54,3.23,85.71,0.46,100.0,2.31,1.38,8.77,84.21,87.5,11.08,0,,0,,0,0.0,0.0,0.0,,,0.92,,1.85,0.46,0.0,0.0,2.77,0,0
Leung Hing Kit,Hing Kit Leung,65513,Warriors,BC Rangers,https://cdn5.wyscout.com/photos/team/public/g40098_120x120.png,Premier League,GK,GK,100,,0,,0,32,1989-10-22,50000,,3,284,0,0.0,0,0.0,0.46,0.0,Hong Kong,['Hong Kong'],right,182,72,False,1.3900000000000001,0.0,0.0,0.0,0.0,0.0,0.0,0.0,1.3900000000000001,2.14,0.0,0,0.0,0,0.0,0.0,0.0,0,0.0,0.0,0,0.0,0,0.0,0.0,0.0,0.0,0.0,0.0,0.0,0.0,0.0,0.0,0.0,0.0,0.0,0.0,0.0,0.0,0.0,0.0,13.45,0.93,0.0,20.41,88.64,11.13,87.5,0.0,0.0,11.13,95.83,9.28,80.0,35.67,46.69,0.0,0.0,0.0,0.0,0.0,0.0,0.0,1.3900000000000001,66.67,0.0,0.0,0.0,0.0,0.0,0.0,7.42,68.75,94.74,8.81,9,4.18,20,9.28,0,55.0,8.22,3.81,-0.78,-0.362,0.0,1.3900000000000001,0.0,,,,0.0,0,0
José Ángel,José Ángel Alonso Martín,148891,,Warriors,,,"LCB, CB",LCB,85,CB,14,,0,33,1989-03-02,150000,,3,278,2,0.36,0,0.0,9.59,71.43,Spain,['Spain'],right,187,75,False,7.77,2.74,83.33,4.11,77.78,0.46,0.88,0.46,5.03,9.71,0.91,0,0.0,0,0.0,1.37,0.65,2,0.91,0.16,1,0.46,2,0.91,100.0,100.0,0.0,0.46,0.0,0.0,0.0,0.46,0.0,0.0,1.37,33.33,2.2800000000000002,40.0,0.91,1.37,0.91,54.82,0.91,0.46,74.92,93.29,30.61,89.55,1.83,100.0,69.9,95.42,4.57,70.0,24.71,38.54,0.0,0.0,0.0,0.0,0.46,0.0,0.0,9.59,76.19,0.46,0.0,0.46,0.0,0.0,0.0,17.82,87.18,96.63,40.66,0,,0,,0,0.0,0.0,0.0,,,0.46,,4.11,0.0,0.0,0.0,0.0,0,0
Lam Chun Kit,Lam Chun Kit,-121039,North District,Resources Capital,https://cdn5.wyscout.com/photos/team/public/g-19813_120x120.png,Premier League,GK,GK,100,,0,,0,24,1998-01-06,0,,3,276,0,0.0,0,0.0,0.0,0.0,Hong Kong,['Hong Kong'],right,178,0,False,0.0,0.0,0.0,0.0,0.0,0.0,0.0,0.0,0.0,0.0,0.0,1,0.33,0,0.0,0.0,0.0,0,0.0,0.0,0,0.0,0,0.0,0.0,0.0,0.0,0.0,0.0,0.0,0.0,0.0,0.0,0.0,0.0,0.0,0.0,0.0,0.0,0.0,0.0,17.81,0.0,0.0,25.31,85.19,17.81,78.95,0.0,0.0,11.25,100.0,14.06,73.33,36.49,49.03,0.0,0.0,0.0,0.0,0.0,0.0,0.0,2.81,33.33,0.0,0.0,0.0,0.0,0.0,0.0,9.38,80.0,100.0,5.63,5,4.69,11,10.31,0,54.55,3.71,3.48,-1.29,-1.209,0.0,0.9400000000000001,0.0,,,,0.0,0,0
Albert Canal,Albert Canal Bartrina,185254,,Resources Capital,,,RCB,RCB,100,,0,,0,31,1991-06-10,0,,3,276,0,0.0,0,0.0,14.06,53.33,Spain,['Spain'],right,181,76,False,7.5,3.75,75.0,4.69,40.0,0.0,0.0,0.0,4.69,7.14,1.88,1,0.33,0,0.0,0.0,0.0,0,0.0,0.0,0,0.0,0,0.0,0.0,0.0,0.0,0.0,0.0,0.0,0.0,0.0,0.0,0.0,0.0,0.0,0.9400000000000001,100.0,0.9400000000000001,0.0,0.0,7.5,0.0,1.88,19.69,90.48,5.63,100.0,2.81,100.0,18.75,95.0,0.9400000000000001,0.0,17.79,50.47,0.0,0.0,0.0,0.0,0.0,0.0,0.0,0.9400000000000001,100.0,0.0,0.0,0.0,0.0,0.9400000000000001,0.0,0.9400000000000001,0.0,88.89,8.44,0,,0,,0,0.0,0.0,0.0,,,1.88,,4.69,0.0,0.0,0.0,0.0,0,0
Chan Matthew Ching Him,Matthew Ching Him Chan,505342,Sham Shui Po,HK U23,https://cdn5.wyscout.com/photos/team/public/g13198_120x120.png,Premier League,LCB,LCB,100,,0,,0,24,1998-04-18,0,,3,276,0,0.0,0,0.0,13.06,46.43,Hong Kong,['Hong Kong'],,0,0,False,11.19,6.53,42.86,2.8,50.0,1.4,1.53,0.47000000000000003,6.99,7.63,2.8,1,0.33,0,0.0,0.0,0.0,0,0.0,0.0,0,0.0,0,0.0,0.0,0.0,0.0,0.0,0.0,0.0,0.0,0.0,0.0,0.0,0.0,0.0,0.0,0.0,0.0,0.0,0.0,10.73,0.0,0.0,27.98,65.0,16.79,63.89,3.73,87.5,21.92,68.09,6.06,53.85,24.1,38.78,0.0,0.0,0.0,0.0,0.0,0.0,0.0,1.4,66.67,0.0,0.0,0.0,0.0,0.0,0.0,11.19,41.67,61.54,6.06,0,,0,,0,0.0,0.0,0.0,,,3.26,,2.8,0.0,0.0,0.0,0.0,0,0
R. Scott,Robert Scott,343179,Wing Yee,Hong Kong FC,https://cdn5.wyscout.com/photos/team/public/g11978_120x120.png,HKFA 1st Division,"LWB, LAMF",LWB,83,LAMF,16,,0,31,1990-12-07,0,,4,275,0,0.0,0,0.03,15.0,42.86,Scotland,"['Scotland', 'Hong Kong']",left,188,0,False,4.29,5.36,40.0,0.0,0.0,0.0,0.0,0.0,2.14,2.4,1.07,0,0.0,0,0.0,3.21,0.0,0,0.0,0.0,0,0.0,1,1.07,0.0,0.0,0.0,4.29,75.0,3.21,66.67,1.07,100.0,0.0,2.14,0.0,7.5,42.86,1.07,0.0,0.0,12.86,0.0,1.07,17.14,75.0,4.29,25.0,2.14,100.0,10.71,70.0,2.14,100.0,24.86,40.56,0.03,1.07,0.0,0.0,0.0,0.0,1.07,2.14,50.0,4.29,75.0,0.0,0.0,0.0,3.21,7.5,71.43,87.5,8.57,0,,0,,0,0.0,0.0,0.0,,,1.07,,0.0,3.21,0.0,0.0,0.0,0,0
Lau Chi Lok,Chi Lok Lau,336214,BC Rangers,BC Rangers,https://cdn5.wyscout.com/photos/team/public/g3150_120x120.png,Premier League,"RAMF, RW",RAMF,73,RW,18,,0,28,1993-10-15,0,,4,274,0,0.05,0,0.15,19.82,45.83,Hong Kong,['Hong Kong'],,174,70,False,8.26,4.13,80.0,2.48,0.0,2.48,4.09,0.0,2.48,4.09,0.0,1,0.33,0,0.0,4.13,0.0,0,0.0,0.04,0,0.0,3,2.48,0.0,0.0,0.0,3.3,25.0,0.0,0.0,3.3,25.0,0.8300000000000001,3.3,100.0,8.26,50.0,3.3,3.3,2.48,15.69,1.65,0.8300000000000001,24.77,66.67,8.26,70.0,5.78,85.71,18.99,82.61,3.3,25.0,20.09,49.82,0.12,0.8300000000000001,0.0,0.0,0.0,0.0,0.8300000000000001,6.61,62.5,2.48,0.0,0.0,0.0,1.65,0.0,2.48,66.67,55.56,7.43,0,,0,,0,0.0,0.0,0.0,,,0.0,,2.48,0.0,0.0,0.0,0.0,0,0
Wong Ho Yin,Ho Yin Wong,-183454,Eastern,HK U23,https://cdn5.wyscout.com/photos/team/public/g9572_120x120.png,Premier League,RCB,RCB,100,,0,,0,24,1998-06-12,0,,4,273,0,0.0,0,0.0,14.32,50.0,Hong Kong,['Hong Kong'],,0,0,False,10.74,6.65,61.54,4.09,37.5,0.0,0.0,3.07,6.65,7.36,1.53,0,0.0,0,0.0,0.0,0.0,0,0.0,0.0,0,0.0,0,0.0,0.0,0.0,0.0,0.51,0.0,0.0,0.0,0.51,0.0,0.0,0.0,0.0,0.51,0.0,0.51,0.51,0.0,8.18,0.0,0.51,21.48,76.19,10.74,71.43,0.0,0.0,15.34,86.67,5.63,54.55,22.72,37.74,0.0,0.0,0.0,0.0,0.0,0.0,0.0,3.07,66.67,0.0,0.0,0.0,0.0,0.0,0.0,6.65,61.54,81.25,8.18,0,,0,,0,0.0,0.0,0.0,,,0.0,,4.09,0.0,0.0,0.0,0.0,0,0
Tena,Carles Tena Parra,-107998,,Resources Capital,,,DMF,DMF,97,,0,,0,29,1992-10-15,75000,,3,268,0,0.03,0,0.0,21.48,57.14,Spain,['Spain'],right,181,70,False,11.25,10.23,60.0,5.11,40.0,0.0,0.0,1.02,5.11,7.89,2.05,1,0.34,0,0.0,1.02,0.0,0,0.0,0.03,0,0.0,1,1.02,0.0,0.0,0.0,0.0,0.0,0.0,0.0,0.0,0.0,0.0,1.02,100.0,2.05,100.0,0.0,1.02,2.05,22.5,0.0,2.05,34.77,82.35,15.34,66.67,6.14,100.0,28.64,85.71,6.14,66.67,21.56,43.95,0.0,0.0,1.02,0.0,0.0,0.0,0.0,9.2,88.89,3.07,66.67,1.02,0.0,2.05,0.0,9.2,100.0,91.67,12.27,0,,0,,0,0.0,0.0,0.0,,,0.0,,5.11,0.0,0.0,0.0,0.0,0,0
Hoare Matthew,Matthew Hoare,457568,Wing Yee,Hong Kong FC,https://cdn5.wyscout.com/photos/team/public/g11978_120x120.png,HKFA 1st Division,CF,CF,100,,0,,0,27,1995-05-03,0,,4,267,0,0.0,0,0.0,,,England,"['England', 'Hong Kong']",right,183,0,False,,,,,,,10.0,,,0.0,,1,0.34,0,0.0,,0.0,0,,,0,,0,,,0.0,,,,,,,,,,,,,,,,,,,,,,,,,,,,,29.55,37.17,,,,,,,,,,,,,,,,,,,,0,,0,,0,0.0,0.0,,,,,,,,,,,0,0
Wong Tsz Ho,Tsz Ho Wong,312426,Eastern,Eastern,https://cdn5.wyscout.com/photos/team/public/g9572_120x120.png,Premier League,"LB, LWB",LB,79,LWB,20,,0,28,1994-03-07,150000,,3,266,0,0.05,0,0.0,19.57,47.5,Hong Kong,['Hong Kong'],left,174,64,False,7.34,7.34,53.33,4.4,44.44,1.47,3.0,0.0,1.96,4.0,2.93,1,0.34,0,0.0,3.42,0.0,0,0.0,0.02,0,0.0,1,0.49,100.0,0.0,0.0,2.93,33.33,2.93,33.33,0.0,0.0,0.0,3.42,57.14,4.4,44.44,1.47,1.47,0.49,21.03,0.49,1.47,26.9,78.18,8.8,61.11,5.87,100.0,20.54,88.1,3.91,50.0,21.63,36.39,0.0,0.0,0.0,0.0,0.0,0.0,0.0,2.93,50.0,1.47,66.67,0.0,0.0,0.49,0.98,4.4,55.56,88.24,8.32,0,,0,,0,0.0,0.0,0.0,,,0.0,,4.4,0.0,0.0,0.0,0.0,0,0
Hélio,Hélio José de Souza Gonçalves,65686,Kitchee,Kitchee,https://cdn5.wyscout.com/photos/team/public/3801_120x120.png,Premier League,LCB,LCB,100,,0,,0,36,1986-01-31,50000,,3,265,0,0.76,0,0.78,10.53,64.52,Brazil,"['Brazil', 'Hong Kong']",right,186,81,False,5.09,2.7199999999999998,62.5,5.09,80.0,0.34,0.48,0.34,3.06,4.35,0.68,0,0.0,0,0.0,0.68,0.0,0,0.0,0.26,0,0.0,2,0.68,50.0,0.0,0.0,0.0,0.0,0.0,0.0,0.0,0.0,0.0,0.34,100.0,0.68,100.0,2.38,0.0,0.0,27.85,0.34,0.34,40.08,92.37,20.72,91.8,1.3599999999999999,75.0,36.34,95.33,3.74,63.64,21.07,39.28,0.26,1.02,0.0,0.0,0.0,0.0,0.0,6.11,83.33,0.0,0.0,0.0,0.0,0.68,0.0,9.51,92.86,92.31,13.25,0,,0,,0,0.0,0.0,0.0,,,0.68,,5.09,0.34,0.0,0.0,0.0,0,0
Tomas,Tomas Maronesi,72032,,Kitchee,,,RCB,RCB,100,,0,,0,37,1985-04-07,25000,,4,264,2,0.81,0,0.0,13.64,52.5,Brazil,['Brazil'],right,181,78,False,7.5,4.43,38.46,7.5,59.09,0.0,0.0,2.05,5.8,9.11,1.02,0,0.0,0,0.0,1.02,0.68,2,0.68,0.28,1,0.34,3,1.02,66.67,66.667,0.0,0.34,0.0,0.0,0.0,0.34,0.0,0.0,0.34,100.0,1.02,33.33,1.3599999999999999,0.34,0.0,28.3,1.7000000000000002,0.0,36.14,88.68,12.27,83.33,2.05,83.33,29.66,93.1,6.14,72.22,27.9,34.08,0.0,0.0,0.0,0.0,0.0,0.0,0.34,4.77,78.57,0.0,0.0,0.34,100.0,0.0,0.0,7.16,80.95,94.83,19.77,0,,0,,0,0.0,0.0,0.0,,,1.3599999999999999,,7.5,0.0,0.0,0.0,0.0,0,0
C. Chung,Chris Chung,-298205,,Hong Kong FC,,,"RCB3, RB",RCB3,82,RB,17,,0,24,1998-06-20,0,,4,262,0,0.0,0,0.0,19.62,58.82,Hong Kong,['Hong Kong'],right,184,0,False,15.0,9.23,75.0,2.31,0.0,1.15,1.25,1.15,6.92,7.5,0.0,0,0.0,0,0.0,1.15,0.0,0,0.0,0.0,0,0.0,0,0.0,0.0,0.0,0.0,0.0,0.0,0.0,0.0,0.0,0.0,0.0,1.15,100.0,2.31,50.0,0.0,0.0,0.0,9.23,0.0,3.46,20.77,88.89,9.23,75.0,3.46,100.0,17.31,93.33,3.46,66.67,23.27,52.05,0.0,0.0,0.0,0.0,0.0,0.0,0.0,2.31,50.0,1.15,0.0,0.0,0.0,1.15,0.0,5.77,80.0,100.0,5.77,0,,0,,0,0.0,0.0,0.0,,,1.15,,2.31,0.0,0.0,0.0,0.0,0,0
M. Gavilán,Manuel Gavilán Morales,60060,Toledo,Kitchee,https://cdn5.wyscout.com/photos/team/public/2563_120x120.png,,"RAMF, RWF, RW",RAMF,38,RWF,35,RW,25,30,1991-07-12,0,2025-06-30,3,262,1,1.19,0,0.8200000000000001,27.14,35.44,Spain,['Spain'],right,181,73,False,3.7800000000000002,4.47,61.54,3.44,30.0,0.0,0.0,0.0,1.03,1.48,2.06,1,0.34,0,0.0,5.15,0.34,1,0.34,0.41000000000000003,0,0.0,10,3.44,40.0,10.0,0.0,5.5,43.75,0.34,0.0,5.15,46.67,0.0,3.44,30.0,11.34,24.24,7.21,2.06,1.37,16.83,3.09,0.6900000000000001,24.05,71.43,3.44,60.0,3.09,100.0,17.86,80.77,1.03,66.67,21.74,27.84,0.28,1.03,0.0,0.34,0.34,100.0,0.34,1.37,25.0,4.8100000000000005,57.14,0.34,100.0,1.72,2.06,4.47,69.23,52.0,8.59,0,,0,,0,0.0,0.0,0.0,,,0.0,,3.44,0.0,0.0,0.0,0.0,0,0
Lau Hok Ming,Hok Ming Lau,312433,Hong Kong FC,BC Rangers,https://cdn5.wyscout.com/photos/team/public/g7537_120x120.png,Premier League,"RCB, RCB3, DMF",RCB,55,RCB3,24,DMF,16,26,1995-10-16,0,,3,256,0,0.33,0,0.17,15.72,58.62,Hong Kong,['Hong Kong'],right,190,78,False,10.84,6.51,58.33,5.42,60.0,1.63,2.65,1.08,5.42,8.82,2.17,1,0.35000000000000003,0,0.0,1.08,0.0,0,0.0,0.18,0,0.0,3,1.63,33.33,0.0,0.0,0.0,0.0,0.0,0.0,0.0,0.0,0.0,0.0,0.0,1.63,33.33,1.63,0.54,0.0,18.98,1.08,0.54,34.16,77.78,16.81,67.74,5.96,72.73,24.94,80.43,9.22,70.59,23.5,41.35,0.09,0.54,0.54,0.0,0.54,100.0,0.54,5.42,70.0,1.63,33.33,1.63,33.33,1.08,0.0,9.76,66.67,93.75,8.67,0,,0,,0,0.0,0.0,0.0,,,2.17,,5.42,0.0,0.0,0.0,0.0,0,0
P. Lai,Pui-Kei Lai,-298080,BC Rangers,HK U23,https://cdn5.wyscout.com/photos/team/public/g3150_120x120.png,Premier League,AMF,AMF,100,,0,,0,20,2001-12-29,0,,3,254,0,0.0,0,0.09,22.26,17.39,Hong Kong,['Hong Kong'],right,172,0,False,0.97,2.9,33.33,1.94,0.0,0.0,0.0,0.0,0.0,0.0,0.97,0,0.0,0,0.0,1.94,0.0,0,0.0,0.0,0,0.0,1,0.97,0.0,0.0,0.0,0.0,0.0,0.0,0.0,0.0,0.0,0.0,0.97,0.0,10.65,18.18,0.0,0.0,0.0,20.32,0.0,1.94,25.16,84.62,8.71,88.89,3.87,75.0,21.29,90.91,3.87,50.0,21.96,40.71,0.08,0.97,0.0,0.0,1.94,100.0,0.97,5.8100000000000005,66.67,0.97,0.0,1.94,50.0,0.0,0.0,5.8100000000000005,66.67,80.0,9.68,0,,0,,0,0.0,0.0,0.0,,,0.97,,1.94,3.87,0.0,0.0,0.0,0,0
Ho Sze Chit,Sze Chit Ho,433148,Resources Capital,Resources Capital,https://cdn5.wyscout.com/photos/team/public/g11979_120x120.png,Premier League,CF,CF,100,,0,,0,28,1994-07-16,0,,3,253,1,0.13,0,0.0,13.3,23.08,Hong Kong,['Hong Kong'],,0,0,False,1.02,1.02,100.0,3.07,0.0,0.0,0.0,0.0,0.0,0.0,0.0,0,0.0,0,0.0,1.02,0.36,1,1.02,0.13,0,0.0,2,2.05,50.0,50.0,0.0,0.0,0.0,0.0,0.0,0.0,0.0,0.0,2.05,0.0,5.11,20.0,2.05,1.02,1.02,7.16,1.02,1.02,9.2,100.0,2.05,100.0,4.09,100.0,9.2,100.0,0.0,0.0,14.51,0.0,0.0,0.0,0.0,0.0,0.0,0.0,0.0,1.02,100.0,0.0,0.0,0.0,0.0,0.0,0.0,0.0,0.0,100.0,2.05,0,,0,,0,0.0,0.0,0.0,,,0.0,,3.07,0.0,0.0,0.0,0.0,0,0
Jun-Hyeong Park,Jun-Hyeong Park,401898,Ratchaburi,Kitchee,https://cdn5.wyscout.com/photos/team/public/g14851_120x120.png,Thai League,"RCB, LCB",RCB,53,LCB,46,,0,29,1993-01-25,300000,2025-06-30,3,246,0,0.35000000000000003,0,0.0,17.56,64.58,Korea Republic,['Korea Republic'],right,192,90,False,10.61,9.15,64.0,3.29,66.67,0.37,0.53,0.0,4.39,6.32,1.46,2,0.73,0,0.0,1.83,0.0,0,0.0,0.13,0,0.0,2,0.73,0.0,0.0,0.0,0.0,0.0,0.0,0.0,0.0,0.0,0.0,1.83,100.0,3.29,66.67,0.37,0.37,0.37,27.8,0.37,1.1,43.9,91.67,15.73,86.05,1.1,100.0,39.15,95.33,4.76,61.54,22.42,34.52,0.0,0.0,0.0,0.0,0.0,0.0,0.0,5.12,85.71,0.0,0.0,0.0,0.0,0.0,0.0,7.32,85.0,95.16,22.68,0,,0,,0,0.0,0.0,0.0,,,0.37,,3.29,0.0,0.0,0.0,0.0,0,0
I. Tang,In Chim  Tang,-298081,Warriors,HK U23,https://cdn5.wyscout.com/photos/team/public/g40098_120x120.png,Premier League,"LDMF, RAMF",LDMF,58,RAMF,41,,0,19,2003-02-28,0,,4,244,0,0.17,0,0.0,17.35,34.38,,[],unknown,0,0,False,4.88,5.42,40.0,0.54,100.0,1.08,1.13,0.0,1.63,1.7000000000000002,2.17,2,0.74,0,0.0,1.08,0.0,0,0.0,0.09,0,0.0,2,1.08,0.0,0.0,0.0,0.0,0.0,0.0,0.0,0.0,0.0,0.0,1.63,66.67,5.42,40.0,0.54,1.08,0.0,10.84,0.54,0.54,18.98,62.86,5.96,45.45,2.71,60.0,15.72,65.52,3.25,50.0,13.19,15.22,0.0,0.0,0.0,0.0,0.0,0.0,0.0,3.8,57.14,0.0,0.0,0.0,0.0,0.0,0.0,5.96,45.45,72.73,5.96,0,,0,,0,0.0,0.0,0.0,,,0.0,,0.54,0.0,0.0,0.0,0.0,0,0
Ng Man Hei,Man Hei Ng,-168200,,HK U23,,,CF,CF,100,,0,,0,21,2000-11-13,0,,4,239,0,0.45,0,0.0,15.35,36.36,Hong Kong,['Hong Kong'],both,175,0,False,1.4,0.7000000000000001,100.0,4.88,0.0,0.0,0.0,0.0,0.7000000000000001,0.79,0.0,0,0.0,0,0.0,2.79,0.0,0,0.0,0.31,0,0.0,3,2.09,33.33,0.0,0.0,0.0,0.0,0.0,0.0,0.0,0.0,0.0,3.49,60.0,6.98,60.0,1.4,0.7000000000000001,0.0,4.19,2.09,2.09,11.86,70.59,1.4,0.0,4.19,66.67,11.16,75.0,0.7000000000000001,0.0,15.28,6.71,0.0,0.0,0.0,0.0,0.0,0.0,0.0,0.7000000000000001,100.0,0.0,0.0,0.0,0.0,0.0,0.0,2.79,25.0,85.71,4.88,0,,0,,0,0.0,0.0,0.0,,,0.0,,4.88,0.0,0.0,0.0,0.0,0,0
Diego Eli,Diego Eli Moreira,113542,,Warriors,,,"LDMF, DMF, LCMF",LDMF,48,DMF,32,LCMF,19,33,1988-09-04,50000,,3,238,0,0.51,1,0.66,12.77,52.38,Brazil,['Brazil'],left,180,76,False,4.86,3.04,20.0,3.65,83.33,0.0,0.0,0.0,4.26,8.4,1.82,1,0.38,0,0.0,2.43,0.0,0,0.0,0.31,0,0.0,2,1.22,50.0,0.0,0.61,1.22,100.0,0.61,100.0,0.61,100.0,0.0,1.22,50.0,4.86,37.5,3.04,0.61,0.61,30.41,0.0,1.22,43.78,88.89,14.59,87.5,5.47,100.0,37.7,90.32,4.86,75.0,21.94,47.79,0.4,3.04,0.0,0.0,0.61,0.0,2.43,6.69,90.91,3.04,60.0,0.61,0.0,2.43,1.22,9.73,100.0,83.87,18.85,0,,0,,0,0.0,0.0,0.0,,,0.0,,3.65,0.0,0.0,0.0,0.0,0,0
Ngan Lok Fung,Lok Fung Ngan,132324,Warriors,Warriors,https://cdn5.wyscout.com/photos/team/public/g40098_120x120.png,Premier League,"RDMF, DMF, RCMF",RDMF,48,DMF,32,RCMF,18,29,1993-01-26,125000,,3,230,0,0.06,1,0.43,15.1,64.0,Hong Kong,['Hong Kong'],right,172,71,False,10.27,7.85,46.15,2.42,100.0,0.6000000000000001,1.07,0.6000000000000001,6.04,10.71,1.21,0,0.0,0,0.0,0.6000000000000001,0.0,0,0.0,0.04,0,0.0,3,1.81,0.0,0.0,0.6000000000000001,0.6000000000000001,0.0,0.0,0.0,0.6000000000000001,0.0,0.6000000000000001,0.6000000000000001,100.0,2.42,75.0,0.6000000000000001,0.0,0.6000000000000001,39.87,0.0,2.42,51.95,76.74,19.33,59.38,8.46,92.86,44.7,85.14,6.64,27.27,21.32,40.37,0.26,1.21,0.0,0.0,0.6000000000000001,0.0,0.6000000000000001,13.29,54.55,3.02,40.0,2.42,25.0,0.6000000000000001,0.0,10.27,64.71,87.1,18.72,0,,0,,0,0.0,0.0,0.0,,,0.6000000000000001,,2.42,0.0,0.0,0.0,0.0,0,0
Wong Wai,Wai Wong,211581,Warriors,HK U23,https://cdn5.wyscout.com/photos/team/public/g40098_120x120.png,Premier League,"LDMF, AMF",LDMF,61,AMF,38,,0,29,1992-09-17,200000,,4,226,2,0.0,0,0.0,17.61,66.67,Hong Kong,['Hong Kong'],right,182,65,False,1.96,1.96,0.0,1.96,100.0,0.0,0.0,1.96,1.96,2.73,1.96,0,0.0,0,0.0,3.91,0.8,0,0.0,0.0,0,0.0,0,0.0,0.0,0.0,0.0,3.91,0.0,0.0,0.0,3.91,0.0,0.0,1.96,100.0,11.74,83.33,0.0,3.91,0.0,29.35,1.96,1.96,43.04,72.73,13.7,85.71,5.87,66.67,37.17,78.95,1.96,100.0,20.82,26.3,0.0,0.0,0.0,0.0,1.96,100.0,0.0,15.65,75.0,5.87,33.33,0.0,0.0,0.0,0.0,7.83,75.0,66.67,17.61,0,,0,,0,0.0,0.0,0.0,,,0.0,,1.96,0.0,0.0,0.0,0.0,0,0
Tse Long Hin,Long Hin Tse,385883,,BC Rangers,,,"RW, RCMF3, RCMF",RW,43,RCMF3,39,RCMF,17,27,1995-02-06,0,,3,217,0,0.0,0,0.0,25.71,60.0,Hong Kong,['Hong Kong'],right,173,63,False,14.14,12.86,80.0,0.0,0.0,1.29,1.88,0.0,2.5700000000000003,3.75,0.0,1,0.41000000000000003,0,0.0,2.5700000000000003,0.0,0,0.0,0.0,0,0.0,0,0.0,0.0,0.0,0.0,5.14,25.0,0.0,0.0,5.14,25.0,0.0,2.5700000000000003,50.0,6.43,40.0,0.0,0.0,0.0,29.57,0.0,0.0,43.71,70.59,15.43,66.67,7.71,100.0,33.43,76.92,5.14,75.0,17.33,31.18,0.0,0.0,0.0,0.0,0.0,0.0,0.0,7.71,66.67,6.43,60.0,1.29,100.0,1.29,1.29,10.29,62.5,66.67,11.57,0,,0,,0,0.0,0.0,0.0,,,0.0,,0.0,1.29,0.0,0.0,0.0,0,0
M. Hi Chan,Man Hi Chan,-298021,,Resources Capital,,,LCB,LCB,100,,0,,0,25,1996-08-27,0,,3,212,0,0.0,0,0.0,,,,[],unknown,0,0,False,,,,,,,0.0,,,7.5,,1,0.42,0,0.0,,0.0,0,,,0,,0,,,0.0,,,,,,,,,,,,,,,,,,,,,,,,,,,,,23.54,0.0,,,,,,,,,,,,,,,,,,,,0,,0,,0,0.0,0.0,,,,,,,,,,,0,0
Law Ho Yin,Ho Yin Law,-218912,,Resources Capital,,,"LCMF, RCMF3",LCMF,66,RCMF3,33,,0,23,1998-09-13,0,,3,212,0,0.0,0,0.42,12.19,53.85,Hong Kong,['Hong Kong'],,0,0,False,8.44,6.5600000000000005,57.14,1.88,50.0,0.0,0.0,0.0,4.69,7.14,1.88,1,0.42,0,0.0,0.9400000000000001,0.0,0,0.0,0.0,0,0.0,0,0.0,0.0,0.0,0.0,0.0,0.0,0.0,0.0,0.0,0.0,0.0,0.9400000000000001,0.0,1.88,0.0,0.9400000000000001,0.0,0.0,16.88,1.88,0.9400000000000001,29.06,87.1,5.63,66.67,3.75,100.0,25.31,88.89,3.75,75.0,16.08,36.68,0.4,1.88,0.0,0.0,1.88,50.0,0.0,4.69,80.0,0.0,0.0,1.88,50.0,0.9400000000000001,0.0,5.63,83.33,91.67,11.25,0,,0,,0,0.0,0.0,0.0,,,0.0,,1.88,0.0,0.0,0.0,0.0,0,0
M. Lam,Matthew Lam,99742,,Eastern,,,"RDMF, LCMF, RCMF",RDMF,43,LCMF,28,RCMF,27,31,1989-09-10,0,,3,200,0,0.05,0,0.53,19.14,51.35,Canada,"['Canada', 'Hong Kong']",right,180,78,False,8.79,6.21,66.67,3.62,28.57,0.52,1.07,0.0,4.14,8.57,1.55,1,0.45,1,0.45,2.07,0.0,0,0.0,0.02,0,0.0,1,0.52,100.0,0.0,0.0,2.59,20.0,1.03,50.0,1.55,0.0,1.03,3.62,28.57,5.69,36.36,0.52,0.0,0.0,24.83,0.0,1.55,37.24,84.72,11.38,81.82,3.1,100.0,28.45,90.91,6.21,83.33,23.35,38.78,0.27,2.07,0.0,0.0,0.0,0.0,0.0,8.28,75.0,2.59,20.0,0.52,0.0,0.0,1.03,10.34,85.0,87.5,16.55,0,,0,,0,0.0,0.0,0.0,,,0.0,,3.62,4.66,0.0,0.0,4.66,0,0
Tsui Wang Kit,Wang Kit Tsui,371311,Yunnan Yukun,Warriors,https://cdn5.wyscout.com/photos/team/public/g-18403_120x120.png,China League One,"LB, LCB3",LB,71,LCB3,28,,0,25,1997-01-05,250000,2025-12-31,2,190,0,0.0,0,0.0,18.0,45.0,Hong Kong,['Hong Kong'],right,177,63,False,8.1,7.2,50.0,2.7,66.67,0.9,1.5,0.9,3.6,6.0,0.9,1,0.47000000000000003,0,0.0,1.8,0.0,0,0.0,0.0,0,0.0,0,0.0,0.0,0.0,0.0,1.8,0.0,0.9,0.0,0.9,0.0,0.0,2.7,33.33,3.6,25.0,0.9,0.0,0.0,22.5,0.9,0.0,30.6,73.53,12.6,78.57,3.6,100.0,25.2,78.57,3.6,75.0,21.29,45.01,0.0,0.0,0.0,0.0,0.9,100.0,0.0,8.1,77.78,2.7,66.67,0.0,0.0,0.9,0.0,10.8,75.0,64.29,12.6,0,,0,,0,0.0,0.0,0.0,,,0.0,,2.7,0.0,0.0,0.0,0.0,0,0
Chun Yuen Ho,Yuen Ho Chun,370517,Warriors,Warriors,https://cdn5.wyscout.com/photos/team/public/g40098_120x120.png,Premier League,GK,GK,100,,0,,0,26,1995-07-19,50000,,2,190,0,0.0,0,0.0,0.0,0.0,Hong Kong,['Hong Kong'],,181,84,False,2.7,0.0,0.0,0.0,0.0,0.0,0.0,0.0,2.7,4.5,0.0,0,0.0,0,0.0,0.0,0.0,0,0.0,0.0,0,0.0,0,0.0,0.0,0.0,0.0,0.0,0.0,0.0,0.0,0.0,0.0,0.0,0.0,0.0,0.0,0.0,0.0,0.0,0.0,10.8,0.0,0.0,17.1,78.95,9.0,70.0,0.0,0.0,13.5,80.0,3.6,75.0,29.95,46.63,0.0,0.0,0.0,0.0,0.0,0.0,0.0,0.0,0.0,0.0,0.0,0.0,0.0,0.0,0.0,6.3,42.86,87.5,7.2,2,1.8,6,5.4,0,66.67,1.31,1.18,-0.6900000000000001,-0.621,0.0,0.9,0.0,,,,0.0,0,0
Júnior Dutra,Sérgio Dutra Júnior,66297,Cianorte,Warriors,https://cdn5.wyscout.com/photos/team/public/2365_120x120.png,Paranaense 1,CF,CF,100,,0,,0,34,1988-04-25,0,,3,187,1,1.37,0,0.74,17.7,54.17,Brazil,['Brazil'],right,183,77,False,5.16,3.69,60.0,2.95,50.0,0.0,0.0,0.0,2.95,6.67,1.48,0,0.0,0,0.0,7.38,0.48,1,0.74,1.01,0,0.0,12,8.85,41.67,8.333,0.0,2.95,25.0,1.48,50.0,1.48,0.0,0.74,2.95,75.0,6.64,66.67,9.59,0.74,0.74,19.18,0.74,0.74,24.34,63.64,9.59,46.15,2.21,100.0,19.92,74.07,1.48,0.0,20.96,57.19,0.54,1.48,0.0,0.0,1.48,50.0,0.74,4.43,16.67,2.21,33.33,2.21,33.33,0.74,0.74,2.95,100.0,72.73,8.11,0,,0,,0,0.0,0.0,0.0,,,0.0,,2.95,0.74,0.74,0.0,0.0,0,0
Law Hiu Chung,Hiu Chung Law,167002,North District,HK U23,https://cdn5.wyscout.com/photos/team/public/g-19813_120x120.png,Premier League,,,0,,0,,0,27,1995-06-10,75000,,2,180,0,0.0,0,0.0,,,Hong Kong,['Hong Kong'],right,172,63,False,,,,,,,0.0,,,0.0,,0,0.0,0,0.0,,0.0,0,,,0,,0,,,0.0,,,,,,,,,,,,,,,,,,,,,,,,,,,,,0.0,0.0,,,,,,,,,,,,,,,,,,,,0,,0,,0,0.0,0.0,,,,,,,,,,,0,0
F. Toomer,Freddie Toomer,137533,Hong Kong FC,Hong Kong FC,https://cdn5.wyscout.com/photos/team/public/g7537_120x120.png,Premier League,,,0,,0,,0,30,1992-02-19,0,,2,180,0,0.0,0,0.0,,,England,['England'],,0,0,False,,,,,,,0.0,,,0.0,,0,0.0,0,0.0,,0.0,0,,,0,,0,,,0.0,,,,,,,,,,,,,,,,,,,,,,,,,,,,,0.0,0.0,,,,,,,,,,,,,,,,,,,,0,,0,,0,0.0,0.0,,,,,,,,,,,0,0
J. Brown,Jordon Graham John Brown,-220834,,Resources Capital,,,LB,LB,98,,0,,0,28,1994-02-10,0,,3,179,0,0.0,0,0.12,15.0,50.0,Hong Kong,"['Hong Kong', 'England']",left,171,0,False,5.63,5.63,50.0,2.81,33.33,0.0,0.0,0.9400000000000001,2.81,4.29,0.0,0,0.0,0,0.0,1.88,0.0,0,0.0,0.0,0,0.0,0,0.0,0.0,0.0,0.0,2.81,33.33,2.81,33.33,0.0,0.0,0.9400000000000001,0.9400000000000001,100.0,1.88,50.0,0.0,0.0,0.9400000000000001,20.63,0.0,0.9400000000000001,24.38,69.23,11.25,58.33,4.69,100.0,18.75,80.0,2.81,33.33,20.08,41.26,0.11,1.88,0.0,0.0,0.0,0.0,0.0,6.5600000000000005,42.86,2.81,33.33,0.0,0.0,0.0,0.9400000000000001,6.5600000000000005,85.71,66.67,5.63,0,,0,,0,0.0,0.0,0.0,,,0.0,,2.81,0.9400000000000001,0.0,0.0,3.75,0,0
Gil,Givanilton Martins Ferreira,81608,,Warriors,,,"RWF, LWF, LAMF",RWF,44,LWF,33,LAMF,21,31,1991-04-13,300000,,3,179,0,1.73,0,0.33,20.53,61.54,Brazil,['Brazil'],right,174,64,False,3.95,1.58,50.0,0.79,0.0,0.0,0.0,0.79,3.16,7.5,0.0,0,0.0,0,0.0,12.63,0.0,0,0.0,1.37,0,0.0,11,8.68,45.45,0.0,0.0,1.58,0.0,0.0,0.0,1.58,0.0,1.58,8.68,90.91,13.42,70.59,9.47,3.95,1.58,23.68,3.16,0.0,26.84,76.47,7.89,60.0,8.68,100.0,25.26,81.25,0.0,0.0,13.86,0.0,0.26,1.58,0.0,0.0,0.79,100.0,0.0,3.16,75.0,5.53,57.14,0.79,100.0,3.16,0.79,6.32,62.5,66.67,4.74,0,,0,,0,0.0,0.0,0.0,,,0.0,,0.79,0.79,0.79,100.0,0.0,0,0
Cleiton,Cleiton de Oliveira Velasques,72027,,Kitchee,,,"LCMF, LCMF3, RCMF3",LCMF,43,LCMF3,36,RCMF3,10,35,1986-12-09,100000,,2,174,1,0.16,1,0.29,30.0,51.72,Brazil,['Brazil'],right,179,76,False,6.21,8.79,35.29,0.0,0.0,0.52,0.73,0.0,2.59,3.66,1.55,1,0.52,0,0.0,11.9,0.52,1,0.52,0.08,0,0.0,3,1.55,66.67,33.333,0.52,3.62,57.14,0.52,100.0,3.1,50.0,1.03,12.41,70.83,19.66,57.89,1.55,1.55,0.0,28.45,2.59,4.14,39.83,81.82,6.72,76.92,8.28,93.75,33.62,87.69,2.59,40.0,19.0,28.1,0.15,2.07,0.0,0.0,0.0,0.0,1.55,4.14,50.0,3.62,71.43,0.0,0.0,0.52,2.59,5.17,80.0,76.67,15.52,0,,0,,0,0.0,0.0,0.0,,,0.52,,0.0,0.52,0.0,0.0,3.1,0,0
Felipe Sá,Felipe Alexandre Gonçalves de Sá,355333,Al Fujairah,Resources Capital,https://cdn5.wyscout.com/photos/team/public/g6765_120x120.png,Division 1,"RW, CF",RW,76,CF,23,,0,27,1995-05-29,0,,2,174,0,0.36,1,0.1,27.86,50.0,Brazil,['Brazil'],both,169,65,False,4.29,4.29,75.0,1.07,0.0,0.0,0.0,0.0,1.07,1.88,2.14,2,1.03,1,0.52,10.71,0.0,0,0.0,0.39,0,0.0,5,5.36,80.0,0.0,1.07,4.29,25.0,0.0,0.0,4.29,25.0,3.21,8.57,62.5,16.07,46.67,7.5,4.29,2.14,9.64,3.21,3.21,13.93,46.15,1.07,0.0,1.07,0.0,9.64,55.56,0.0,0.0,17.69,0.0,0.1,1.07,0.0,0.0,0.0,0.0,1.07,2.14,0.0,3.21,33.33,0.0,0.0,1.07,1.07,1.07,100.0,44.44,9.64,0,,0,,0,0.0,0.0,0.0,,,0.0,,1.07,0.0,0.0,0.0,0.0,0,0
P. Smith,Peter Smith,-298183,,Hong Kong FC,,,GK,GK,100,,0,,0,36,1985-11-26,0,,2,174,0,0.0,0,0.0,1.07,100.0,England,['England'],right,186,0,False,4.29,0.0,0.0,1.07,100.0,0.0,0.0,0.0,4.29,4.62,0.0,0,0.0,0,0.0,0.0,0.0,0,0.0,0.0,0,0.0,0,0.0,0.0,0.0,0.0,0.0,0.0,0.0,0.0,0.0,0.0,0.0,0.0,0.0,0.0,0.0,0.0,0.0,0.0,5.36,0.0,0.0,15.0,92.86,6.43,83.33,0.0,0.0,9.64,100.0,5.36,80.0,30.74,48.83,0.0,0.0,0.0,0.0,0.0,0.0,0.0,0.0,0.0,0.0,0.0,0.0,0.0,0.0,0.0,4.29,100.0,100.0,7.5,3,3.21,5,5.36,0,40.0,3.2,3.43,0.2,0.214,0.0,3.21,1.07,,,,0.0,0,0
Cheng King Ho,King Ho Cheng,105143,Resources Capital,Resources Capital,https://cdn5.wyscout.com/photos/team/public/g11979_120x120.png,Premier League,RB,RB,100,,0,,0,32,1989-11-07,25000,,2,173,0,0.13,0,0.0,11.25,58.33,Hong Kong,['Hong Kong'],,178,64,False,7.5,3.75,100.0,2.81,66.67,0.0,0.0,1.88,3.75,5.71,0.9400000000000001,0,0.0,0,0.0,1.88,0.0,0,0.0,0.12,0,0.0,2,1.88,0.0,0.0,0.0,1.88,50.0,0.0,0.0,1.88,50.0,0.0,2.81,33.33,4.69,20.0,0.9400000000000001,5.63,3.75,8.44,0.0,0.0,10.31,63.64,3.75,75.0,0.0,0.0,8.44,66.67,0.0,0.0,28.22,0.0,0.0,0.0,0.0,0.0,0.0,0.0,0.0,2.81,100.0,0.9400000000000001,100.0,0.0,0.0,0.0,0.0,5.63,83.33,100.0,2.81,0,,0,,0,0.0,0.0,0.0,,,0.0,,2.81,0.0,0.0,0.0,0.0,0,0
Man-Ching Ma,Man-Ching Ma,-218914,,HK U23,,,RDMF,RDMF,100,,0,,0,20,2002-05-29,0,,2,169,0,0.0,0,0.0,23.26,43.48,Hong Kong,['Hong Kong'],right,168,0,False,12.13,9.1,88.89,4.04,0.0,1.01,1.11,1.01,3.03,3.33,0.0,0,0.0,0,0.0,0.0,0.0,0,0.0,0.0,0,0.0,0,0.0,0.0,0.0,0.0,0.0,0.0,0.0,0.0,0.0,0.0,0.0,0.0,0.0,2.02,0.0,0.0,0.0,1.01,18.2,0.0,0.0,26.29,69.23,13.15,69.23,1.01,100.0,20.22,75.0,6.07,50.0,20.33,41.97,0.0,0.0,0.0,0.0,0.0,0.0,0.0,6.07,50.0,1.01,100.0,5.06,40.0,0.0,0.0,6.07,66.67,75.0,8.09,0,,0,,0,0.0,0.0,0.0,,,0.0,,4.04,0.0,0.0,0.0,0.0,0,0
H. Hirokane,Hirokane Harima,419041,,Resources Capital,,,"LCMF3, CF",LCMF3,58,CF,41,,0,24,1998-01-31,10000,,3,167,0,0.0,0,0.0,,,Hong Kong,"['Hong Kong', 'Japan']",right,178,68,False,,,,,,,0.0,,,0.0,,0,0.0,0,0.0,,0.0,0,,,0,,0,,,0.0,,,,,,,,,,,,,,,,,,,,,,,,,,,,,13.25,0.0,,,,,,,,,,,,,,,,,,,,0,,0,,0,0.0,0.0,,,,,,,,,,,0,0
Kwok Tsz Kaai,Tsz Kaai Kwok,423091,,HK U23,,,"RDMF, LDMF",RDMF,58,LDMF,41,,0,25,1996-12-26,0,,2,166,0,0.0,0,0.0,18.43,50.0,Hong Kong,['Hong Kong'],right,172,0,False,12.47,8.67,68.75,1.08,50.0,1.63,1.7000000000000002,1.08,4.88,5.09,1.08,0,0.0,0,0.0,0.0,0.0,0,0.0,0.0,0,0.0,0,0.0,0.0,0.0,0.0,0.0,0.0,0.0,0.0,0.0,0.0,0.0,0.0,0.0,3.8,28.57,0.0,0.0,0.0,14.1,0.0,0.54,23.31,83.72,7.05,76.92,3.8,85.71,21.69,90.0,1.63,0.0,18.07,56.89,0.0,0.0,0.0,0.0,0.0,0.0,0.0,2.17,25.0,0.54,0.0,0.0,0.0,0.0,0.0,2.71,20.0,87.5,8.67,0,,0,,0,0.0,0.0,0.0,,,0.54,,1.08,0.0,0.0,0.0,0.0,0,0
Lau Kwan Ching,Kwan Ching Lau,-218913,North District,Resources Capital,https://cdn5.wyscout.com/photos/team/public/g-19813_120x120.png,Premier League,RCMF,RCMF,100,,0,,0,20,2002-05-15,50000,,2,154,1,1.43,1,0.13,19.69,57.14,Hong Kong,['Hong Kong'],right,170,0,False,9.84,8.44,83.33,2.81,0.0,1.4100000000000001,2.5,0.0,1.4100000000000001,2.5,1.4100000000000001,1,0.58,0,0.0,4.22,0.58,1,1.4100000000000001,2.01,0,0.0,2,2.81,100.0,50.0,1.4100000000000001,1.4100000000000001,0.0,1.4100000000000001,0.0,0.0,0.0,0.0,4.22,33.33,5.63,25.0,2.81,1.4100000000000001,1.4100000000000001,12.66,1.4100000000000001,1.4100000000000001,22.5,75.0,7.03,80.0,2.81,100.0,16.88,83.33,4.22,66.67,26.35,42.53,0.18,2.81,1.4100000000000001,1.4100000000000001,0.0,0.0,1.4100000000000001,7.03,60.0,2.81,0.0,2.81,50.0,0.0,0.0,5.63,100.0,75.0,5.63,0,,0,,0,0.0,0.0,0.0,,,0.0,,2.81,0.0,0.0,0.0,0.0,0,0
Fernando,Fernando Augusto Azevedo Pedreira,112389,Kitchee,Eastern,https://cdn5.wyscout.com/photos/team/public/3801_120x120.png,Premier League,"LAMF, CF",LAMF,53,CF,46,,0,35,1986-11-14,75000,,4,151,1,0.04,0,0.31,25.91,31.58,Hong Kong,"['Hong Kong', 'Brazil']",left,183,76,False,1.3599999999999999,2.73,50.0,4.09,33.33,0.0,0.0,0.0,0.0,0.0,1.3599999999999999,1,0.6000000000000001,0,0.0,8.18,0.6000000000000001,0,0.0,0.06,0,0.0,2,2.73,50.0,0.0,0.0,5.45,50.0,4.09,33.33,1.3599999999999999,100.0,4.09,9.55,42.86,15.0,36.36,4.09,0.0,0.0,20.45,4.09,0.0,32.73,75.0,10.91,62.5,5.45,75.0,27.27,80.0,0.0,0.0,18.12,0.0,0.42,5.45,0.0,0.0,0.0,0.0,2.73,2.73,100.0,9.55,57.14,0.0,0.0,2.73,2.73,6.82,60.0,77.78,12.27,0,,0,,0,0.0,0.0,0.0,,,0.0,,4.09,0.0,0.0,0.0,0.0,0,0
Wong Wai Kwok,Wai Kwok Wong,-218910,North District,Resources Capital,https://cdn5.wyscout.com/photos/team/public/g-19813_120x120.png,Premier League,"LW, LCMF3",LW,84,LCMF3,15,,0,23,1999-05-20,50000,,3,148,1,1.01,0,0.0,23.68,60.0,Hong Kong,['Hong Kong'],right,168,0,False,8.29,7.11,66.67,5.92,80.0,1.18,2.0,0.0,2.37,4.0,0.0,0,0.0,0,0.0,3.55,0.61,1,1.18,1.19,0,0.0,3,3.55,33.33,33.333,0.0,3.55,0.0,3.55,0.0,0.0,0.0,0.0,3.55,66.67,7.11,50.0,5.92,3.55,1.18,17.76,3.55,2.37,22.5,68.42,4.74,75.0,5.92,100.0,16.58,92.86,3.55,0.0,15.42,31.1,0.0,0.0,0.0,0.0,1.18,0.0,0.0,1.18,0.0,0.0,0.0,1.18,0.0,0.0,0.0,0.0,0.0,50.0,7.11,0,,0,,0,0.0,0.0,0.0,,,0.0,,5.92,0.0,0.0,0.0,0.0,0,0
Toni,Antonio Rodríguez Dovale,92413,,Eastern,,,"RCMF, RAMF",RCMF,58,RAMF,41,,0,32,1990-04-04,0,,4,148,0,0.04,0,0.27,11.89,28.57,Spain,['Spain'],left,177,69,False,6.79,8.49,40.0,0.0,0.0,0.0,0.0,0.0,3.4,10.0,1.7000000000000002,0,0.0,0,0.0,1.7000000000000002,0.0,0,0.0,0.07,0,0.0,1,1.7000000000000002,0.0,0.0,0.0,10.19,16.67,1.7000000000000002,0.0,8.49,20.0,3.4,0.0,0.0,0.0,0.0,5.09,1.7000000000000002,0.0,44.15,0.0,0.0,71.32,76.19,22.08,76.92,15.28,88.89,61.13,86.11,0.0,0.0,18.6,0.0,0.46,3.4,0.0,0.0,0.0,0.0,1.7000000000000002,3.4,50.0,8.49,20.0,0.0,0.0,1.7000000000000002,3.4,10.19,66.67,70.0,16.98,0,,0,,0,0.0,0.0,0.0,,,0.0,,0.0,0.0,0.0,0.0,6.79,0,0
Wong Chun Ho,Chun Ho Wong,65584,Warriors,Warriors,https://cdn5.wyscout.com/photos/team/public/g40098_120x120.png,Premier League,"RB, RB5",RB,80,RB5,19,,0,32,1990-05-31,50000,,2,148,0,0.0,0,0.25,16.42,55.56,Hong Kong,['Hong Kong'],right,175,68,False,8.51,4.26,42.86,1.82,0.0,1.22,2.4,0.0,5.47,10.8,1.22,1,0.61,0,0.0,3.65,0.0,0,0.0,0.0,0,0.0,0,0.0,0.0,0.0,0.0,1.82,100.0,0.0,0.0,1.82,100.0,0.0,1.82,100.0,8.51,64.29,0.0,0.0,0.0,21.28,3.65,0.0,37.09,80.33,13.99,69.57,9.73,93.75,33.45,78.18,1.82,100.0,20.2,33.44,0.15,1.82,0.0,0.0,0.0,0.0,0.61,5.47,88.89,2.43,75.0,0.0,0.0,0.0,1.82,8.51,92.86,82.35,10.34,0,,0,,0,0.0,0.0,0.0,,,1.82,,1.82,0.0,0.0,0.0,0.0,0,0
Wu Chun Ming,Chun Ming Wu,432336,Warriors,Eastern,https://cdn5.wyscout.com/photos/team/public/g40098_120x120.png,Premier League,,,0,,0,,0,24,1997-11-21,250000,2025-05-31,2,144,0,0.0,0,0.0,,,Hong Kong,['Hong Kong'],right,179,73,False,,,,,,,0.0,,,0.0,,1,0.63,0,0.0,,0.0,0,,,0,,0,,,0.0,,,,,,,,,,,,,,,,,,,,,,,,,,,,,0.0,0.0,,,,,,,,,,,,,,,,,,,,0,,0,,0,0.0,0.0,,,,,,,,,,,0,0
K. Robinson,Kieran Robinson,-298209,Hong Kong FC,Hong Kong FC,https://cdn5.wyscout.com/photos/team/public/g7537_120x120.png,Premier League,"LCMF, RDMF",LCMF,82,RDMF,17,,0,33,1989-05-06,0,,4,143,0,0.0,0,0.0,5.77,60.0,England,['England'],unknown,178,0,False,1.15,1.15,0.0,1.15,100.0,1.15,1.25,0.0,0.0,0.0,0.0,0,0.0,0,0.0,0.0,0.0,0,0.0,0.0,0,0.0,0,0.0,0.0,0.0,0.0,0.0,0.0,0.0,0.0,0.0,0.0,0.0,0.0,0.0,2.31,50.0,0.0,1.15,0.0,9.23,0.0,0.0,15.0,76.92,5.77,100.0,3.46,66.67,13.85,75.0,1.15,100.0,16.56,42.82,0.0,0.0,0.0,0.0,0.0,0.0,0.0,2.31,100.0,1.15,100.0,0.0,0.0,2.31,0.0,8.08,57.14,100.0,2.31,0,,0,,0,0.0,0.0,0.0,,,0.0,,1.15,0.0,0.0,0.0,0.0,0,0
Lam Lok Yin Jerry,Lok Yin Jerry Lam,-183460,Resources Capital,HK U23,https://cdn5.wyscout.com/photos/team/public/g11979_120x120.png,Premier League,AMF,AMF,91,,0,,0,20,2001-11-19,0,,4,141,0,0.02,0,0.0,10.23,40.0,Hong Kong,['Hong Kong'],right,171,0,False,1.02,1.02,100.0,0.0,0.0,0.0,0.0,0.0,0.0,0.0,0.0,0,0.0,0,0.0,2.05,0.0,0,0.0,0.02,0,0.0,2,2.05,0.0,0.0,0.0,0.0,0.0,0.0,0.0,0.0,0.0,0.0,5.11,40.0,9.2,33.33,1.02,0.0,1.02,11.25,2.05,1.02,17.39,76.47,2.05,100.0,3.07,66.67,17.39,76.47,0.0,0.0,12.47,0.0,0.0,0.0,0.0,0.0,0.0,0.0,0.0,1.02,100.0,0.0,0.0,0.0,0.0,0.0,0.0,3.07,33.33,100.0,8.18,0,,0,,0,0.0,0.0,0.0,,,1.02,,0.0,2.05,1.02,0.0,0.0,0,0
Yuen Sai Kit,Sai Kit Yuen,-183461,Resources Capital,HK U23,https://cdn5.wyscout.com/photos/team/public/g11979_120x120.png,Premier League,LAMF,LAMF,100,,0,,0,22,1999-12-19,50000,,2,139,1,0.0,0,0.0,14.69,50.0,Hong Kong,['Hong Kong'],right,169,0,False,3.67,3.67,100.0,0.0,0.0,0.0,0.0,0.0,0.0,0.0,0.0,0,0.0,0,0.0,0.0,0.65,0,0.0,0.0,0,0.0,0,0.0,0.0,0.0,0.0,1.8399999999999999,0.0,1.8399999999999999,0.0,0.0,0.0,0.0,1.8399999999999999,0.0,3.67,50.0,1.8399999999999999,1.8399999999999999,0.0,20.2,3.67,1.8399999999999999,33.06,77.78,3.67,100.0,12.86,85.71,31.22,82.35,0.0,0.0,16.05,0.0,0.0,0.0,0.0,0.0,0.0,0.0,0.0,0.0,0.0,0.0,0.0,0.0,0.0,0.0,0.0,1.8399999999999999,100.0,83.33,11.02,0,,0,,0,0.0,0.0,0.0,,,0.0,,0.0,0.0,0.0,0.0,0.0,0,0
Tsang Kam To,Kam To Tsang,65563,,Warriors,,,RB,RB,100,,0,,0,33,1989-06-21,25000,,2,139,0,0.0,0,0.0,7.35,50.0,Hong Kong,['Hong Kong'],,178,67,False,9.18,5.51,33.33,0.0,0.0,0.0,0.0,0.0,7.35,15.0,3.67,0,0.0,0,0.0,0.0,0.0,0,0.0,0.0,0,0.0,0,0.0,0.0,0.0,0.0,0.0,0.0,0.0,0.0,0.0,0.0,0.0,0.0,0.0,1.8399999999999999,100.0,1.8399999999999999,0.0,0.0,25.71,5.51,0.0,44.08,87.5,23.88,84.62,7.35,75.0,38.57,90.48,5.51,66.67,20.63,32.08,0.0,0.0,0.0,0.0,0.0,0.0,0.0,11.02,83.33,0.0,0.0,0.0,0.0,3.67,0.0,11.02,83.33,100.0,11.02,0,,0,,0,0.0,0.0,0.0,,,0.0,,0.0,0.0,0.0,0.0,0.0,0,0
Chang Hei Yin,Hei Yin Chang,-101381,Warriors,Warriors,https://cdn5.wyscout.com/photos/team/public/g40098_120x120.png,Premier League,"RWF, LWF",RWF,57,LWF,42,,0,22,2000-04-06,0,,2,138,3,0.37,0,0.27,9.55,100.0,Hong Kong,['Hong Kong'],right,173,75,False,6.82,4.09,100.0,0.0,0.0,0.0,0.0,0.0,2.73,7.5,0.0,0,0.0,0,0.0,5.45,1.96,1,1.3599999999999999,0.51,0,0.0,3,4.09,66.67,33.333,0.0,2.73,0.0,0.0,0.0,2.73,0.0,0.0,2.73,100.0,2.73,100.0,2.73,0.0,0.0,17.73,0.0,2.73,24.55,83.33,10.91,100.0,4.09,100.0,20.45,100.0,2.73,0.0,20.64,32.96,0.36,5.45,2.73,0.0,0.0,0.0,1.3599999999999999,1.3599999999999999,0.0,4.09,100.0,1.3599999999999999,0.0,2.73,0.0,4.09,100.0,33.33,4.09,0,,0,,0,0.0,0.0,0.0,,,0.0,,0.0,2.73,1.3599999999999999,100.0,15.0,0,0
R. Lonergan,Rory Lonergan,-298203,Hong Kong FC,Hong Kong FC,https://cdn5.wyscout.com/photos/team/public/g7537_120x120.png,Premier League,,,0,,0,,0,23,1999-06-01,0,,2,136,0,0.0,0,0.0,,,England,['England'],left,182,0,False,,,,,,,0.0,,,0.0,,0,0.0,0,0.0,,0.0,0,,,0,,0,,,0.0,,,,,,,,,,,,,,,,,,,,,,,,,,,,,0.0,0.0,,,,,,,,,,,,,,,,,,,,0,,0,,0,0.0,0.0,,,,,,,,,,,0,0
Fernando Lopes,Fernando Lopes Alcántara,98626,BC Rangers,BC Rangers,https://cdn5.wyscout.com/photos/team/public/g3150_120x120.png,Premier League,"RCB, LCMF",RCB,79,LCMF,20,,0,35,1987-03-28,10000,,4,135,0,0.23,0,0.0,,,Brazil,['Brazil'],right,192,0,False,,,,,,,0.0,,,15.0,,1,0.67,0,0.0,,0.0,0,,,0,,1,,,0.0,,,,,,,,,,,,,,,,,,,,,,,,,,,,,24.27,45.97,,,,,,,,,,,,,,,,,,,,0,,0,,0,0.0,0.0,,,,,,,,,,,0,0
Alexander Oluwatayo Akande,Alexander Oluwatayo Akande,73130,,Kitchee,,,"RWF, RW, LWF",RWF,47,RW,25,LWF,15,33,1989-02-09,0,,4,132,0,0.6900000000000001,0,0.0,33.41,44.9,Nigeria,"['Nigeria', 'Hong Kong']",right,182,76,False,7.5,10.23,26.67,2.73,75.0,1.3599999999999999,2.31,0.0,3.41,5.77,5.45,1,0.68,0,0.0,6.82,0.0,0,0.0,0.47000000000000003,0,0.0,4,2.73,50.0,0.0,0.0,2.73,25.0,0.68,100.0,2.05,0.0,0.0,4.77,100.0,12.27,61.11,4.77,0.0,0.0,11.59,2.05,2.73,21.82,78.13,4.77,71.43,4.09,100.0,18.41,85.19,0.68,100.0,13.53,3.18,0.0,0.0,0.0,0.0,0.0,0.0,0.0,2.73,25.0,0.68,100.0,0.0,0.0,0.68,0.68,2.73,100.0,72.73,7.5,0,,0,,0,0.0,0.0,0.0,,,0.0,,2.73,0.0,0.0,0.0,0.0,0,0
Ka Chi Ho,Ka Chi Ho,-250563,,HK U23,,,"LAMF, RAMF",LAMF,63,RAMF,36,,0,19,2002-07-16,0,,4,132,0,0.0,0,0.0,23.68,25.0,Hong Kong,"['Hong Kong', 'China PR']",,0,0,False,5.92,7.11,50.0,1.18,0.0,0.0,0.0,0.0,2.37,2.86,1.18,0,0.0,0,0.0,0.0,0.0,0,0.0,0.0,0,0.0,0,0.0,0.0,0.0,0.0,1.18,0.0,1.18,0.0,0.0,0.0,0.0,3.55,0.0,5.92,0.0,1.18,0.0,0.0,5.92,2.37,1.18,5.92,40.0,2.37,50.0,1.18,100.0,4.74,50.0,0.0,0.0,23.97,0.0,0.0,0.0,0.0,0.0,0.0,0.0,0.0,0.0,0.0,0.0,0.0,0.0,0.0,0.0,0.0,1.18,100.0,0.0,0.0,0,,0,,0,0.0,0.0,0.0,,,0.0,,1.18,0.0,0.0,0.0,0.0,0,0
S. Liu,Sui-Man Liu,-298206,Hong Kong FC,Hong Kong FC,https://cdn5.wyscout.com/photos/team/public/g7537_120x120.png,Premier League,RCB3,RCB3,100,,0,,0,35,1987-02-12,0,,3,127,0,0.0,0,0.0,,,Hong Kong,['Hong Kong'],unknown,0,0,False,,,,,,,0.0,,,0.0,,0,0.0,0,0.0,,0.0,0,,,0,,0,,,0.0,,,,,,,,,,,,,,,,,,,,,,,,,,,,,28.15,39.25,,,,,,,,,,,,,,,,,,,,0,,0,,0,0.0,0.0,,,,,,,,,,,0,0
Manuel Bleda,Manuel Bleda Rodríguez,125040,Eastern,Warriors,https://cdn5.wyscout.com/photos/team/public/g9572_120x120.png,Premier League,"CF, AMF",CF,75,AMF,24,,0,31,1990-07-31,100000,2024-06-30,2,125,1,0.61,0,0.0,23.4,38.46,Spain,['Spain'],right,185,72,True,3.6,2.7,66.67,8.1,11.11,0.0,0.0,0.9,1.8,3.0,0.9,0,0.0,0,0.0,4.5,0.72,1,0.9,0.55,0,0.0,3,2.7,66.67,33.333,0.0,0.9,100.0,0.0,0.0,0.9,100.0,0.0,4.5,40.0,11.7,46.15,5.4,0.9,0.0,11.7,2.7,3.6,21.6,79.17,6.3,85.71,5.4,100.0,18.9,76.19,2.7,100.0,16.03,37.9,0.0,0.0,0.0,0.0,0.0,0.0,0.0,0.9,100.0,2.7,100.0,0.0,0.0,1.8,0.9,3.6,75.0,71.43,6.3,0,,0,,0,0.0,0.0,0.0,,,0.0,,8.1,0.0,0.0,0.0,0.0,0,0
S. Buddle,Sebastian Robert Buddle,478381,Kitchee,HK U23,https://cdn5.wyscout.com/photos/team/public/3801_120x120.png,Premier League,RAMF,RAMF,100,,0,,0,22,1999-07-27,10000,,2,124,0,0.0,0,0.0,12.66,11.11,Hong Kong,['Hong Kong'],right,176,65,False,2.81,0.0,0.0,4.22,0.0,1.4100000000000001,1.5,0.0,1.4100000000000001,1.5,0.0,1,0.73,0,0.0,0.0,0.0,0,0.0,0.0,0,0.0,0,0.0,0.0,0.0,0.0,0.0,0.0,0.0,0.0,0.0,0.0,0.0,2.81,0.0,4.22,0.0,0.0,0.0,0.0,1.4100000000000001,0.0,1.4100000000000001,1.4100000000000001,100.0,0.0,0.0,0.0,0.0,1.4100000000000001,100.0,0.0,0.0,18.86,0.0,0.0,0.0,0.0,0.0,0.0,0.0,0.0,0.0,0.0,0.0,0.0,0.0,0.0,0.0,0.0,0.0,0.0,100.0,1.4100000000000001,0,,0,,0,0.0,0.0,0.0,,,0.0,,4.22,0.0,0.0,0.0,0.0,0,0
Víctor Bertomeu,Víctor Bertomeu de la Hoz,396185,Gresik United,Eastern,https://cdn5.wyscout.com/photos/team/public/g6712_120x120.png,,CF,CF,100,,0,,0,29,1992-10-19,200000,,2,113,2,0.25,0,0.0,30.31,27.27,Spain,['Spain'],right,183,79,False,1.8399999999999999,2.76,0.0,11.94,46.15,0.0,0.0,0.0,1.8399999999999999,4.0,3.67,0,0.0,0,0.0,0.92,1.5899999999999999,0,0.0,0.23,0,0.0,3,2.76,33.33,0.0,0.0,0.0,0.0,0.0,0.0,0.0,0.0,0.0,0.92,0.0,9.18,20.0,2.76,0.92,0.0,9.18,1.8399999999999999,0.0,11.94,69.23,0.0,0.0,2.76,33.33,11.94,69.23,0.0,0.0,12.43,0.0,0.0,0.0,0.0,0.0,0.0,0.0,0.0,0.0,0.0,0.0,0.0,0.0,0.0,0.0,0.0,0.92,100.0,100.0,5.51,0,,0,,0,0.0,0.0,0.0,,,0.0,,11.94,0.92,0.92,0.0,0.0,0,0
Afonso,Clayton Michel Afonso,151652,,Eastern,,,"RCB3, RCB",RCB3,51,RCB,48,,0,34,1988-07-18,0,,2,112,0,0.0,0,0.0,13.24,53.33,Brazil,['Brazil'],right,192,95,False,9.71,3.5300000000000002,75.0,7.94,44.44,0.0,0.0,0.88,7.06,15.0,0.88,0,0.0,0,0.0,0.88,0.0,0,0.0,0.0,0,0.0,0,0.0,0.0,0.0,0.0,0.0,0.0,0.0,0.0,0.0,0.0,0.0,0.88,100.0,0.88,100.0,0.0,0.88,0.0,32.65,0.88,0.0,52.94,91.67,23.82,85.19,1.76,100.0,46.76,98.11,6.18,42.86,21.14,37.55,0.0,0.0,0.0,0.0,0.0,0.0,0.0,5.29,83.33,0.0,0.0,0.0,0.0,0.0,0.0,11.47,76.92,96.3,23.82,0,,0,,0,0.0,0.0,0.0,,,0.88,,7.94,0.0,0.0,0.0,0.0,0,0
Chan Siu Kwan,Siu-Kwan Philip Chan,211580,Wofoo Tai Po,Kitchee,https://cdn5.wyscout.com/photos/team/public/g7538_120x120.png,Premier League,"LCMF3, RCMF3",LCMF3,84,RCMF3,15,,0,29,1992-08-01,300000,,2,111,2,1.37,1,0.45,27.57,47.06,Hong Kong,['Hong Kong'],right,172,64,False,6.49,7.3,66.67,2.43,66.67,0.81,1.3599999999999999,0.0,0.81,1.3599999999999999,2.43,0,0.0,0,0.0,6.49,1.62,2,1.62,1.11,0,0.0,5,4.05,80.0,40.0,0.81,1.62,50.0,0.81,100.0,0.0,0.0,0.0,4.05,60.0,10.54,30.77,8.92,1.62,1.62,33.24,0.0,1.62,42.97,88.68,10.54,76.92,10.54,92.31,39.73,91.84,1.62,50.0,15.94,20.86,0.36,0.81,0.0,0.0,0.81,0.0,0.81,5.68,71.43,1.62,50.0,0.81,0.0,1.62,0.81,1.62,100.0,95.0,16.22,0,,0,,0,0.0,0.0,0.0,,,0.0,,2.43,0.0,0.0,0.0,0.0,0,0
Diego Peláez,Diego Peláez Silva,206348,,Resources Capital,,,,,0,,0,,0,31,1989-05-18,0,,2,108,0,0.0,0,0.0,,,Spain,['Spain'],right,172,63,False,,,,,,,0.0,,,0.0,,0,0.0,0,0.0,,0.0,0,,,0,,0,,,0.0,,,,,,,,,,,,,,,,,,,,,,,,,,,,,0.0,0.0,,,,,,,,,,,,,,,,,,,,0,,0,,0,0.0,0.0,,,,,,,,,,,0,0
Chan Shinichi,Shinichi Chan,-110234,Shanghai Shenhua,Kitchee,https://cdn5.wyscout.com/photos/team/public/2447_120x120.png,CSL,LB,LB,91,,0,,0,19,2002-09-05,300000,,2,107,0,0.0,0,0.0,15.14,61.11,Japan,"['Japan', 'Hong Kong']",left,184,72,False,12.62,6.73,62.5,4.21,60.0,0.0,0.0,0.0,8.41,13.04,0.84,0,0.0,0,0.0,3.36,0.0,0,0.0,0.0,0,0.0,0,0.0,0.0,0.0,0.0,5.05,66.67,5.05,66.67,0.0,0.0,1.6800000000000002,0.0,0.0,1.6800000000000002,50.0,0.84,2.52,0.84,31.96,1.6800000000000002,0.0,41.21,69.39,19.35,43.48,5.89,100.0,31.12,78.38,5.89,28.57,25.23,39.55,0.0,0.0,0.0,0.0,1.6800000000000002,0.0,0.0,5.89,42.86,7.57,33.33,2.52,0.0,0.0,2.52,9.25,72.73,84.62,10.93,0,,0,,0,0.0,0.0,0.0,,,0.0,,4.21,0.0,0.0,0.0,0.0,0,0
O. Rossiter,Oliver Rossiter,-298189,,Hong Kong FC,,,LCB,LCB,100,,0,,0,30,1991-09-04,0,,2,104,0,0.0,0,0.0,,,England,['England'],right,186,0,False,,,,,,,0.0,,,0.0,,0,0.0,0,0.0,,0.0,0,,,0,,0,,,0.0,,,,,,,,,,,,,,,,,,,,,,,,,,,,,0.0,0.0,,,,,,,,,,,,,,,,,,,,0,,0,,0,0.0,0.0,,,,,,,,,,,0,0
Y. Nakamura,Yuto Nakamura,70160,,Warriors,,,LCMF3,LCMF3,97,,0,,0,35,1987-01-23,0,,2,99,0,0.34,1,1.23,15.45,64.71,Japan,['Japan'],,173,67,False,8.18,7.27,62.5,0.91,100.0,0.91,2.14,0.0,2.73,6.43,2.73,0,0.0,0,0.0,1.82,0.0,0,0.0,0.31,0,0.0,2,1.82,0.0,0.0,0.91,0.91,100.0,0.0,0.0,0.91,100.0,0.0,0.91,100.0,3.64,100.0,6.36,0.0,0.0,36.36,0.91,3.64,50.91,91.07,10.91,75.0,12.73,92.86,47.27,92.31,2.73,66.67,7.96,19.37,1.12,5.45,0.0,0.0,0.91,0.0,2.73,7.27,75.0,2.73,33.33,0.91,0.0,4.55,0.91,7.27,75.0,94.12,15.45,0,,0,,0,0.0,0.0,0.0,,,1.82,,0.91,0.0,0.0,0.0,0.0,0,0
Leung Kwun Chung,Kwun Chung Leung,211573,Eastern,Eastern,https://cdn5.wyscout.com/photos/team/public/g9572_120x120.png,Premier League,,,0,,0,,0,30,1992-04-01,150000,,2,98,0,0.0,0,0.0,,,Hong Kong,['Hong Kong'],left,178,70,False,,,,,,,0.0,,,0.0,,0,0.0,0,0.0,,0.0,0,,,0,,0,,,0.0,,,,,,,,,,,,,,,,,,,,,,,,,,,,,0.0,0.0,,,,,,,,,,,,,,,,,,,,0,,0,,0,0.0,0.0,,,,,,,,,,,0,0
H. Lok Yeung,Hin Lok Yeung,-298030,Resources Capital,Resources Capital,https://cdn5.wyscout.com/photos/team/public/g11979_120x120.png,Premier League,,,0,,0,,0,17,2003-11-08,0,,2,97,0,0.0,0,0.0,,,Hong Kong,['Hong Kong'],right,170,0,False,,,,,,,0.0,,,0.0,,0,0.0,0,0.0,,0.0,0,,,0,,0,,,0.0,,,,,,,,,,,,,,,,,,,,,,,,,,,,,0.0,0.0,,,,,,,,,,,,,,,,,,,,0,,0,,0,0.0,0.0,,,,,,,,,,,0,0
Chan Ka Ho,Ka Ho Chan,293847,Warriors,Warriors,https://cdn5.wyscout.com/photos/team/public/g40098_120x120.png,Premier League,GK,GK,100,,0,,0,26,1996-01-27,200000,,1,97,0,0.0,0,0.0,0.0,0.0,Hong Kong,['Hong Kong'],right,182,72,False,0.93,0.0,0.0,0.0,0.0,0.0,0.0,0.0,0.93,2.14,0.0,0,0.0,0,0.0,0.0,0.0,0,0.0,0.0,0,0.0,0,0.0,0.0,0.0,0.0,0.0,0.0,0.0,0.0,0.0,0.0,0.0,0.0,0.0,0.0,0.0,0.0,0.0,0.0,12.99,0.93,0.0,18.56,80.0,5.57,33.33,0.0,0.0,14.85,93.75,3.71,25.0,24.44,38.53,0.0,0.0,0.0,0.0,0.0,0.0,0.0,0.0,0.0,0.0,0.0,0.0,0.0,0.0,0.0,4.64,20.0,100.0,12.06,0,0.0,3,2.7800000000000002,1,100.0,0.38,0.35000000000000003,0.38,0.353,0.0,1.8599999999999999,0.0,,,,0.0,0,0
Wang Zhenpeng,Zhenpeng Wang,105022,Kitchee,Kitchee,https://cdn5.wyscout.com/photos/team/public/3801_120x120.png,Premier League,GK,GK,100,,0,,0,38,1984-05-05,25000,,1,96,0,0.0,0,0.0,0.0,0.0,China PR,"['China PR', 'Hong Kong']",,188,86,False,0.9400000000000001,0.0,0.0,0.0,0.0,0.0,0.0,0.0,0.9400000000000001,1.67,0.0,0,0.0,0,0.0,0.0,0.0,0,0.0,0.0,0,0.0,0,0.0,0.0,0.0,0.0,0.0,0.0,0.0,0.0,0.0,0.0,0.0,0.0,0.0,0.0,0.0,0.0,0.0,0.0,13.13,0.9400000000000001,0.0,18.75,90.0,11.25,83.33,0.0,0.0,14.06,100.0,4.69,60.0,27.6,42.72,0.0,0.0,0.0,0.0,0.0,0.0,0.0,0.9400000000000001,0.0,0.0,0.0,0.0,0.0,0.0,0.0,4.69,80.0,100.0,6.5600000000000005,0,0.0,1,0.9400000000000001,1,100.0,0.17,0.16,0.17,0.159,0.0,0.0,0.0,,,,0.0,0,0
Jean,Jean Carllo Maciel,-298214,Hong Kong FC,Hong Kong FC,https://cdn5.wyscout.com/photos/team/public/g7537_120x120.png,Premier League,,,0,,0,,0,33,1989-02-28,0,,3,93,0,0.0,0,0.0,,,Portugal,['Portugal'],right,189,0,False,,,,,,,0.0,,,0.0,,1,0.97,0,0.0,,0.0,0,,,0,,0,,,0.0,,,,,,,,,,,,,,,,,,,,,,,,,,,,,0.0,0.0,,,,,,,,,,,,,,,,,,,,0,,0,,0,0.0,0.0,,,,,,,,,,,0,0
D. Yeung,Dik Lun Charles Yeung,-221070,Hoi King,BC Rangers,https://cdn5.wyscout.com/photos/team/public/g40255_120x120.png,HKFA 1st Division,LAMF,LAMF,100,,0,,0,21,2000-08-13,0,,3,91,0,0.0,0,0.0,17.23,44.44,Hong Kong,['Hong Kong'],right,167,0,False,7.66,7.66,75.0,0.0,0.0,0.0,0.0,0.0,1.9100000000000001,3.33,1.9100000000000001,0,0.0,0,0.0,3.83,0.0,0,0.0,0.0,0,0.0,0,0.0,0.0,0.0,0.0,0.0,0.0,0.0,0.0,0.0,0.0,0.0,1.9100000000000001,100.0,9.57,20.0,0.0,1.9100000000000001,1.9100000000000001,5.74,1.9100000000000001,1.9100000000000001,7.66,100.0,3.83,100.0,1.9100000000000001,100.0,7.66,100.0,0.0,0.0,18.0,0.0,0.0,0.0,0.0,0.0,1.9100000000000001,100.0,0.0,1.9100000000000001,100.0,1.9100000000000001,100.0,1.9100000000000001,100.0,1.9100000000000001,0.0,1.9100000000000001,100.0,100.0,1.9100000000000001,0,,0,,0,0.0,0.0,0.0,,,0.0,,0.0,0.0,0.0,0.0,0.0,0,0
O. Shliakotin,Oleksiy Shliakotin,208680,BC Rangers,BC Rangers,https://cdn5.wyscout.com/photos/team/public/g3150_120x120.png,Premier League,,,0,,0,,0,32,1989-09-02,50000,,1,90,0,0.0,0,0.0,,,Ukraine,['Ukraine'],right,197,92,False,,,,,,,0.0,,,0.0,,0,0.0,0,0.0,,0.0,0,,,0,,0,,,0.0,,,,,,,,,,,,,,,,,,,,,,,,,,,,,0.0,0.0,,,,,,,,,,,,,,,,,,,,0,,0,,0,0.0,0.0,,,,,,,,,,,0,0
Yung Hui To,Hui To Yung,-183455,Warriors,Warriors,https://cdn5.wyscout.com/photos/team/public/g40098_120x120.png,Premier League,LB,LB,100,,0,,0,22,2000-03-11,0,,1,84,0,0.01,0,0.0,11.79,81.82,Hong Kong,['Hong Kong'],left,177,0,False,3.21,4.29,75.0,4.29,100.0,0.0,0.0,0.0,0.0,0.0,0.0,1,1.07,0,0.0,1.07,0.0,0,0.0,0.01,0,0.0,2,2.14,0.0,0.0,0.0,2.14,0.0,2.14,0.0,0.0,0.0,0.0,1.07,100.0,3.21,66.67,0.0,1.07,0.0,42.86,2.14,0.0,49.29,76.09,17.14,56.25,15.0,100.0,47.14,79.55,0.0,0.0,21.19,0.0,0.0,0.0,0.0,0.0,1.07,0.0,0.0,7.5,14.29,4.29,25.0,0.0,0.0,1.07,0.0,9.64,66.67,76.92,13.93,0,,0,,0,0.0,0.0,0.0,,,0.0,,4.29,0.0,0.0,0.0,0.0,0,0
Wong Chi Hong,Chi Hong Wong,-183458,,HK U23,,,CF,CF,100,,0,,0,23,1999-01-25,0,,2,83,0,0.0,0,0.0,19.69,14.29,Hong Kong,['Hong Kong'],right,175,0,False,2.81,0.0,0.0,11.25,0.0,0.0,0.0,0.0,2.81,3.0,0.0,0,0.0,0,0.0,1.4100000000000001,0.0,0,0.0,0.0,0,0.0,0,0.0,0.0,0.0,0.0,0.0,0.0,0.0,0.0,0.0,0.0,0.0,2.81,50.0,7.03,40.0,0.0,0.0,0.0,1.4100000000000001,1.4100000000000001,2.81,9.84,71.43,1.4100000000000001,0.0,5.63,100.0,9.84,71.43,0.0,0.0,16.35,0.0,0.0,0.0,0.0,0.0,0.0,0.0,0.0,0.0,0.0,0.0,0.0,0.0,0.0,0.0,0.0,0.0,0.0,0.0,1.4100000000000001,0,,0,,0,0.0,0.0,0.0,,,0.0,,11.25,0.0,0.0,0.0,0.0,0,0
K. Lo,Kam-Wang Lo,-298047,,BC Rangers,,,"CF, LAMF",CF,85,LAMF,14,,0,21,2001-05-04,0,,3,82,0,0.0,0,0.0,7.35,75.0,Hong Kong,['Hong Kong'],right,177,0,False,5.51,3.67,100.0,0.0,0.0,1.8399999999999999,3.75,0.0,0.0,0.0,0.0,0,0.0,0,0.0,0.0,0.0,0,0.0,0.0,0,0.0,0,0.0,0.0,0.0,0.0,0.0,0.0,0.0,0.0,0.0,0.0,0.0,0.0,0.0,0.0,0.0,0.0,0.0,0.0,0.0,0.0,0.0,3.67,100.0,0.0,0.0,3.67,100.0,3.67,100.0,0.0,0.0,12.79,0.0,0.0,0.0,0.0,0.0,0.0,0.0,0.0,0.0,0.0,0.0,0.0,0.0,0.0,0.0,0.0,0.0,0.0,0.0,0.0,0,,0,,0,0.0,0.0,0.0,,,0.0,,0.0,0.0,0.0,0.0,0.0,0,0
Jahangir Khan,Jahangir Khan,-183459,Hong Kong FC,Southern District,https://cdn5.wyscout.com/photos/team/public/g7537_120x120.png,Premier League,"LAMF, RAMF",LAMF,61,RAMF,38,,0,21,2000-10-03,50000,,4,81,0,0.0,0,0.0,,,Pakistan,"['Pakistan', 'Hong Kong']",left,174,0,False,,,,,,,0.0,,,13.64,,0,0.0,0,0.0,,0.0,0,,,0,,0,,,0.0,,,,,,,,,,,,,,,,,,,,,,,,,,,,,16.44,0.0,,,,,,,,,,,,,,,,,,,,0,,0,,0,0.0,0.0,,,,,,,,,,,0,0
Ichikawa Sohgo,Sohgo Ichikawa,-221033,Kitchee,Kitchee,https://cdn5.wyscout.com/photos/team/public/3801_120x120.png,Premier League,LWF,LWF,100,,0,,0,17,2004-07-30,0,,1,78,1,0.13,1,0.68,27.69,45.83,Japan,"['Japan', 'Hong Kong']",right,169,0,False,9.23,12.69,63.64,0.0,0.0,0.0,0.0,0.0,1.15,1.88,2.31,0,0.0,0,0.0,4.62,1.15,1,1.15,0.15,0,0.0,1,1.15,100.0,100.0,1.15,0.0,0.0,0.0,0.0,0.0,0.0,0.0,4.62,75.0,11.54,30.0,3.46,3.46,2.31,11.54,1.15,2.31,16.15,78.57,4.62,100.0,2.31,100.0,16.15,78.57,0.0,0.0,14.33,0.0,0.79,2.31,1.15,0.0,1.15,0.0,1.15,0.0,0.0,2.31,100.0,1.15,0.0,3.46,0.0,3.46,100.0,60.0,5.77,0,,0,,0,0.0,0.0,0.0,,,0.0,,0.0,0.0,0.0,0.0,0.0,0,0
Liu Yik Shing,Yik Shing Liu,-218911,,Resources Capital,,,LCMF3,LCMF3,100,,0,,0,27,1995-07-17,0,,3,78,0,0.0,0,0.0,,,Hong Kong,['Hong Kong'],right,168,0,False,,,,,,,0.0,,,0.0,,0,0.0,0,0.0,,0.0,0,,,0,,0,,,0.0,,,,,,,,,,,,,,,,,,,,,,,,,,,,,0.0,0.0,,,,,,,,,,,,,,,,,,,,0,,0,,0,0.0,0.0,,,,,,,,,,,0,0
Cheng Siu Kwang,Siu Kwang Cheng,330520,Warriors,Warriors,https://cdn5.wyscout.com/photos/team/public/g40098_120x120.png,Premier League,"LAMF, LW",LAMF,62,LW,37,,0,24,1997-01-13,0,,1,75,0,0.26,0,0.07,21.6,38.89,Hong Kong,['Hong Kong'],,170,60,False,2.4,3.6,33.33,2.4,0.0,0.0,0.0,0.0,1.2,1.88,1.2,0,0.0,0,0.0,8.4,0.0,0,0.0,0.31,0,0.0,3,3.6,66.67,0.0,0.0,1.2,100.0,1.2,100.0,0.0,0.0,0.0,6.0,80.0,12.0,50.0,4.8,0.0,1.2,18.0,0.0,3.6,31.2,96.15,10.8,88.89,7.2,100.0,30.0,96.0,0.0,0.0,12.82,0.0,0.08,1.2,0.0,0.0,0.0,0.0,0.0,4.8,100.0,0.0,0.0,0.0,0.0,1.2,1.2,0.0,0.0,100.0,6.0,0,,0,,0,0.0,0.0,0.0,,,0.0,,2.4,3.6,1.2,100.0,4.8,0,0
J. Lum,Jared Lum,179141,NWS Spirit,Eastern,https://cdn5.wyscout.com/photos/team/public/g-16418_120x120.png,New South Wales NPL,"LCMF, RCMF",LCMF,68,RCMF,31,,0,29,1992-07-19,0,,1,71,0,0.0,0,0.0,13.94,36.36,Australia,"['Australia', 'Scotland']",,176,71,False,5.07,1.27,0.0,5.07,0.0,0.0,0.0,0.0,5.07,10.0,0.0,0,0.0,0,0.0,1.27,0.0,0,0.0,0.0,0,0.0,0,0.0,0.0,0.0,0.0,0.0,0.0,0.0,0.0,0.0,0.0,0.0,1.27,100.0,5.07,100.0,0.0,1.27,1.27,13.94,0.0,2.54,27.89,72.73,2.54,100.0,6.34,60.0,26.62,71.43,1.27,100.0,13.85,15.46,0.0,0.0,0.0,0.0,0.0,0.0,0.0,1.27,100.0,1.27,0.0,0.0,0.0,0.0,0.0,3.8,33.33,90.91,13.94,0,,0,,0,0.0,0.0,0.0,,,1.27,,5.07,1.27,0.0,0.0,0.0,0,0
Seung-Yong Kim,Seung-Yong Kim,26952,,Warriors,,,RAMF,RAMF,100,,0,,0,36,1985-03-14,0,,2,65,1,0.76,0,0.1,13.4,28.57,Korea Republic,['Korea Republic'],right,181,75,False,3.83,5.74,66.67,0.0,0.0,0.0,0.0,0.0,0.0,0.0,0.0,0,0.0,0,0.0,3.83,1.38,1,1.9100000000000001,1.46,1,1.9100000000000001,2,3.83,100.0,50.0,0.0,0.0,0.0,0.0,0.0,0.0,0.0,0.0,3.83,0.0,5.74,0.0,3.83,0.0,0.0,17.23,1.9100000000000001,0.0,15.32,87.5,0.0,0.0,5.74,100.0,15.32,87.5,0.0,0.0,13.46,0.0,0.19,1.9100000000000001,0.0,0.0,0.0,0.0,0.0,0.0,0.0,0.0,0.0,0.0,0.0,1.9100000000000001,0.0,0.0,0.0,66.67,5.74,0,,0,,0,0.0,0.0,0.0,,,0.0,,0.0,5.74,0.0,0.0,0.0,0,0
Ho Chun Ho,Chun Ho Ho,-218909,Yuen Long,Resources Capital,https://cdn5.wyscout.com/photos/team/public/g16448_120x120.png,,,,0,,0,,0,24,1996-07-07,0,,1,64,0,0.0,0,0.0,,,Hong Kong,['Hong Kong'],right,173,0,False,,,,,,,0.0,,,0.0,,0,0.0,0,0.0,,0.0,0,,,0,,0,,,0.0,,,,,,,,,,,,,,,,,,,,,,,,,,,,,0.0,0.0,,,,,,,,,,,,,,,,,,,,0,,0,,0,0.0,0.0,,,,,,,,,,,0,0
Tsang Chung Nam,Chung Nam Tsang,-218919,Resources Capital,Resources Capital,https://cdn5.wyscout.com/photos/team/public/g11979_120x120.png,Premier League,LCB,LCB,100,,0,,0,26,1995-11-14,10000,,1,62,0,0.0,0,0.0,17.42,16.67,Hong Kong,['Hong Kong'],,0,0,False,5.8100000000000005,10.16,28.57,1.45,0.0,0.0,0.0,0.0,2.9,5.0,5.8100000000000005,1,1.45,1,1.45,0.0,0.0,0,0.0,0.0,0,0.0,0,0.0,0.0,0.0,0.0,0.0,0.0,0.0,0.0,0.0,0.0,0.0,0.0,0.0,0.0,0.0,0.0,1.45,0.0,17.42,0.0,0.0,42.1,93.1,20.32,92.86,4.35,100.0,33.39,95.65,8.71,83.33,22.02,36.5,0.0,0.0,0.0,0.0,0.0,0.0,0.0,4.35,66.67,1.45,0.0,2.9,50.0,0.0,0.0,5.8100000000000005,75.0,100.0,14.52,0,,0,,0,0.0,0.0,0.0,,,4.35,,1.45,0.0,0.0,0.0,0.0,0,0
Lee Hong Lim,Hong Lim Lee,65699,,Warriors,,,"LWF, RWF",LWF,72,RWF,27,,0,38,1983-09-29,0,,2,56,0,0.0,0,0.13,,,Hong Kong,['Hong Kong'],both,178,67,False,,,,,,,0.0,,,10.0,,0,0.0,0,0.0,,0.0,0,,,0,,0,,,0.0,,,,,,,,,,,,,,,,,,,,,,,,,,,,,24.19,50.48,,,,,,,,,,,,,,,,,,,,0,,0,,0,0.0,0.0,,,,,,,,,,,0,0
Lam Hin Ting,Hin Ting Lam,460838,Eastern,BC Rangers,https://cdn5.wyscout.com/photos/team/public/g9572_120x120.png,Premier League,RCMF,RCMF,100,,0,,0,22,1999-12-09,175000,2025-05-31,1,49,0,0.0,0,0.0,20.2,63.64,Hong Kong,['Hong Kong'],right,175,75,False,3.67,3.67,50.0,0.0,0.0,0.0,0.0,0.0,1.8399999999999999,2.31,0.0,1,1.8399999999999999,0,0.0,3.67,0.0,0,0.0,0.0,0,0.0,0,0.0,0.0,0.0,0.0,0.0,0.0,0.0,0.0,0.0,0.0,0.0,5.51,66.67,12.86,57.14,0.0,1.8399999999999999,0.0,25.71,0.0,0.0,49.59,81.48,16.53,55.56,11.02,100.0,47.76,80.77,1.8399999999999999,100.0,14.97,10.39,0.0,0.0,0.0,0.0,1.8399999999999999,0.0,0.0,3.67,50.0,1.8399999999999999,0.0,0.0,0.0,0.0,0.0,11.02,50.0,88.89,16.53,0,,0,,0,0.0,0.0,0.0,,,0.0,,0.0,0.0,0.0,0.0,0.0,0,0
Lam Fu Kwai,Fu Kwai Lam,-247446,South China,Resources Capital,https://cdn5.wyscout.com/photos/team/public/g3156_120x120.png,HKFA 1st Division,,,0,,0,,0,24,1997-01-16,0,,1,46,0,0.0,0,0.0,,,Hong Kong,['Hong Kong'],right,180,0,False,,,,,,,0.0,,,0.0,,1,1.96,0,0.0,,0.0,0,,,0,,0,,,0.0,,,,,,,,,,,,,,,,,,,,,,,,,,,,,0.0,0.0,,,,,,,,,,,,,,,,,,,,0,,0,,0,0.0,0.0,,,,,,,,,,,0,0
Tse Tak Him,Tak Him Tse,65680,,Southern District,,,,,0,,0,,0,37,1985-02-10,0,,1,46,0,0.0,0,0.0,,,Hong Kong,['Hong Kong'],right,181,70,False,,,,,,,0.0,,,0.0,,0,0.0,0,0.0,,0.0,0,,,0,,0,,,0.0,,,,,,,,,,,,,,,,,,,,,,,,,,,,,0.0,0.0,,,,,,,,,,,,,,,,,,,,0,,0,,0,0.0,0.0,,,,,,,,,,,0,0
M. Powell,Morgan Powell,-298207,Loughborough University ,Hong Kong FC,https://cdn5.wyscout.com/photos/team/public/g20055_120x120.png,,RCMF,RCMF,100,,0,,0,19,2003-03-27,0,,4,44,0,0.0,0,0.0,,,Wales,['Wales'],unknown,176,0,False,,,,,,,0.0,,,0.0,,0,,0,,,,0,,,0,,0,,,0.0,,,,,,,,,,,,,,,,,,,,,,,,,,,,,22.0,41.53,,,,,,,,,,,,,,,,,,,,0,,0,,0,0.0,0.0,,,,,,,,,,,0,0
Yu Pui Hong,Pui Hong Yu,389087,,Warriors,,,"LB5, LB",LB5,68,LB,31,,0,27,1995-02-07,50000,,2,41,0,0.0,0,0.0,,,Hong Kong,['Hong Kong'],right,171,65,False,,,,,,,0.0,,,0.0,,0,,0,,,,0,,,0,,0,,,0.0,,,,,,,,,,,,,,,,,,,,,,,,,,,,,23.75,42.5,,,,,,,,,,,,,,,,,,,,0,,0,,0,0.0,0.0,,,,,,,,,,,0,0
R. Hayashi,Ryota Hayashi,-298023,BC Rangers,BC Rangers,https://cdn5.wyscout.com/photos/team/public/g3150_120x120.png,Premier League,"DMF, LCMF",DMF,68,LCMF,31,,0,27,1995-04-10,0,,1,40,0,0.0,0,0.0,,,Japan,['Japan'],unknown,177,0,False,,,,,,,0.0,,,0.0,,1,,1,,,,0,,,0,,0,,,0.0,,,,,,,,,,,,,,,,,,,,,,,,,,,,,24.13,44.17,,,,,,,,,,,,,,,,,,,,0,,0,,0,0.0,0.0,,,,,,,,,,,0,0
H. Chan,Hoi Pak Paco Chan,-82772,Southern District,Southern District,https://cdn5.wyscout.com/photos/team/public/g14323_120x120.png,Premier League,LAMF,LAMF,100,,0,,0,23,1999-01-29,0,,2,31,0,0.12,0,0.0,,,Hong Kong,['Hong Kong'],left,173,0,False,,,,,,,0.0,,,15.0,,0,,0,,,,0,,,0,,1,,,0.0,,,,,,,,,,,,,,,,,,,,,,,,,,,,,22.62,38.87,,,,,,,,,,,,,,,,,,,,0,,0,,0,0.0,0.0,,,,,,,,,,,0,0
Yu Joy Yin,Jesse Joy Yin Yu,-246003,Eastern,BC Rangers,https://cdn5.wyscout.com/photos/team/public/g9572_120x120.png,Premier League,"LW, LWB",LW,69,LWB,30,,0,20,2001-10-08,0,,1,28,0,0.23,0,0.04,,,Hong Kong,['Hong Kong'],right,168,60,False,,,,,,,0.0,,,4.29,,0,,0,,,,0,,,0,,1,,,0.0,,,,,,,,,,,,,,,,,,,,,,,,,,,,,15.74,0.0,,,,,,,,,,,,,,,,,,,,0,,0,,0,0.0,0.0,,,,,,,,,,,0,0
N. Khan,Naveed Khan,-110201,,Eastern,,,LWB,LWB,100,,0,,0,22,2000-01-07,10000,,3,28,0,0.0,0,0.0,,,Hong Kong,"['Hong Kong', 'Pakistan']",right,180,0,False,,,,,,,0.0,,,30.0,,0,,0,,,,0,,,0,,0,,,0.0,,,,,,,,,,,,,,,,,,,,,,,,,,,,,18.23,0.0,,,,,,,,,,,,,,,,,,,,0,,0,,0,0.0,0.0,,,,,,,,,,,0,0
T. Ng,Tsz Ng,-298077,Shatin,HK U23,https://cdn5.wyscout.com/photos/team/public/g11980_120x120.png,HKFA 1st Division,RCB,RCB,100,,0,,0,23,1999-02-17,0,,2,28,0,0.0,0,0.0,,,Hong Kong,['Hong Kong'],right,182,0,False,,,,,,,0.0,,,12.0,,0,,0,,,,0,,,0,,0,,,0.0,,,,,,,,,,,,,,,,,,,,,,,,,,,,,20.4,47.31,,,,,,,,,,,,,,,,,,,,0,,0,,0,0.0,0.0,,,,,,,,,,,0,0
M. Kong,Maddox  Kong,-298054,,Southern District,,,,,0,,0,,0,19,2002-09-17,0,,2,27,0,0.0,0,0.0,,,Hong Kong,"['Hong Kong', 'Togo']",right,166,0,False,,,,,,,0.0,,,0.0,,0,,0,,,,0,,,0,,0,,,0.0,,,,,,,,,,,,,,,,,,,,,,,,,,,,,0.0,0.0,,,,,,,,,,,,,,,,,,,,0,,0,,0,0.0,0.0,,,,,,,,,,,0,0
J. Esteva I Romera,Joan Esteva I Romera,-302285,,Resources Capital,,,DMF,DMF,100,,0,,0,22,2000-06-07,0,,2,21,0,0.0,0,0.0,,,Spain,['Spain'],unknown,0,0,False,,,,,,,0.0,,,30.0,,0,,0,,,,0,,,0,,0,,,0.0,,,,,,,,,,,,,,,,,,,,,,,,,,,,,40.63,73.81,,,,,,,,,,,,,,,,,,,,0,,0,,0,0.0,0.0,,,,,,,,,,,0,0
S. Liu,Stephen Liu,-298204,Hong Kong FC,Hong Kong FC,https://cdn5.wyscout.com/photos/team/public/g7537_120x120.png,Premier League,,,0,,0,,0,30,1992-05-18,0,,1,21,0,0.0,0,0.0,,,Australia,['Australia'],left,171,0,False,,,,,,,0.0,,,0.0,,0,,0,,,,0,,,0,,0,,,0.0,,,,,,,,,,,,,,,,,,,,,,,,,,,,,0.0,0.0,,,,,,,,,,,,,,,,,,,,0,,0,,0,0.0,0.0,,,,,,,,,,,0,0
Tse Sean Ka Keung,Sean Ka Keung Tse,217696,Radcliffe Borough,Kitchee,https://cdn5.wyscout.com/photos/team/public/g4839_120x120.png,National League N / S,LCB,LCB,100,,0,,0,30,1992-05-03,0,,1,18,0,0.0,1,0.15,,,England,"['England', 'Hong Kong']",right,185,75,False,,,,,,,0.0,,,7.5,,0,,0,,,,0,,,0,,0,,,0.0,,,,,,,,,,,,,,,,,,,,,,,,,,,,,22.49,0.0,,,,,,,,,,,,,,,,,,,,0,,0,,0,0.0,0.0,,,,,,,,,,,0,0
Poon Pui Hin,Pui Hin Poon,482716,Kitchee,Kitchee,https://cdn5.wyscout.com/photos/team/public/3801_120x120.png,Premier League,RWF,RWF,100,,0,,0,21,2000-10-03,150000,,1,18,0,0.0,0,0.0,,,Hong Kong,['Hong Kong'],right,180,62,False,,,,,,,0.0,,,7.5,,0,,0,,,,0,,,0,,0,,,0.0,,,,,,,,,,,,,,,,,,,,,,,,,,,,,12.09,6.45,,,,,,,,,,,,,,,,,,,,0,,0,,0,0.0,0.0,,,,,,,,,,,0,0
Wong Ho Chun Anson,Ho Chun Wong,-220968,Eastern,Warriors,https://cdn5.wyscout.com/photos/team/public/g9572_120x120.png,Premier League,LWF,LWF,100,,0,,0,20,2002-04-02,0,,2,18,0,0.0,0,0.0,,,Hong Kong,['Hong Kong'],both,173,0,False,,,,,,,0.0,,,0.0,,0,,0,,,,0,,,0,,0,,,0.0,,,,,,,,,,,,,,,,,,,,,,,,,,,,,11.94,0.0,,,,,,,,,,,,,,,,,,,,0,,0,,0,0.0,0.0,,,,,,,,,,,0,0
Chung Chun Ho,Chun Ho Chung,-218908,,Resources Capital,,,,,0,,0,,0,25,1995-06-03,0,,1,15,0,0.0,0,0.0,,,Hong Kong,['Hong Kong'],right,172,0,False,,,,,,,0.0,,,0.0,,0,,0,,,,0,,,0,,0,,,0.0,,,,,,,,,,,,,,,,,,,,,,,,,,,,,0.0,0.0,,,,,,,,,,,,,,,,,,,,0,,0,,0,0.0,0.0,,,,,,,,,,,0,0
Wong Chun Hin,Chun Hin Wong,505477,Yuen Long,BC Rangers,https://cdn5.wyscout.com/photos/team/public/g16448_120x120.png,,RAMF,RAMF,100,,0,,0,23,1999-03-21,0,,1,15,0,0.0,0,0.0,,,Hong Kong,['Hong Kong'],right,174,0,False,,,,,,,0.0,,,0.0,,0,,0,,,,0,,,0,,0,,,0.0,,,,,,,,,,,,,,,,,,,,,,,,,,,,,16.86,0.0,,,,,,,,,,,,,,,,,,,,0,,0,,0,0.0,0.0,,,,,,,,,,,0,0
C. To,Chun-Kiu To,264925,,Hong Kong FC,,,GK,GK,100,,0,,0,26,1994-07-17,0,,1,14,0,0.0,0,0.0,,,Hong Kong,['Hong Kong'],right,181,78,False,,,,,,,0.0,,,40.0,,0,,1,,,,0,,,0,,0,,,0.0,,,,,,,,,,,,,,,,,,,,,,,,,,,,,33.44,54.65,,,,,,,,,,,,,,,,,,,,0,,0,,0,0.0,0.0,,0.0,,,,,,,,,0,0
S. Nakamura,Shunsuke Nakamura,457576,Hong Kong FC,Hong Kong FC,https://cdn5.wyscout.com/photos/team/public/g7537_120x120.png,Premier League,LWB,LWB,100,,0,,0,37,1983-11-08,0,,1,14,0,0.0,0,0.0,,,Japan,['Japan'],,0,0,False,,,,,,,0.0,,,0.0,,0,,0,,,,0,,,0,,0,,,0.0,,,,,,,,,,,,,,,,,,,,,,,,,,,,,13.89,0.0,,,,,,,,,,,,,,,,,,,,0,,0,,0,0.0,0.0,,,,,,,,,,,0,0
Lam Chi Fung,Chi Fung Lam,-220807,,HK U23,,,AMF,AMF,100,,0,,0,20,2001-12-30,0,,2,13,0,0.0,0,0.0,,,Hong Kong,['Hong Kong'],,0,0,False,,,,,,,0.0,,,0.0,,0,,0,,,,0,,,0,,0,,,0.0,,,,,,,,,,,,,,,,,,,,,,,,,,,,,0.0,0.0,,,,,,,,,,,,,,,,,,,,0,,0,,0,0.0,0.0,,,,,,,,,,,0,0
H. Lai,Hoi To Lai,-298029,,BC Rangers,,,LDMF,LDMF,100,,0,,0,19,2002-07-21,0,,2,11,0,0.0,0,0.0,,,Hong Kong,['Hong Kong'],right,178,0,False,,,,,,,0.0,,,0.0,,0,,0,,,,0,,,0,,0,,,0.0,,,,,,,,,,,,,,,,,,,,,,,,,,,,,16.84,0.0,,,,,,,,,,,,,,,,,,,,0,,0,,0,0.0,0.0,,,,,,,,,,,0,0
Cheng Tsz Sum,Tsz Sum Cheng,495847,Wofoo Tai Po,BC Rangers,https://cdn5.wyscout.com/photos/team/public/g7538_120x120.png,Premier League,LCB3,LCB3,100,,0,,0,23,1999-03-20,0,,1,9,0,0.08,0,0.0,,,Hong Kong,['Hong Kong'],left,176,0,False,,,,,,,0.0,,,0.0,,0,,0,,,,0,,,0,,1,,,0.0,,,,,,,,,,,,,,,,,,,,,,,,,,,,,22.91,0.0,,,,,,,,,,,,,,,,,,,,0,,0,,0,0.0,0.0,,,,,,,,,,,0,0
Fernando Recio,Fernando Recio Comi,151593,,Warriors,,,,,0,,0,,0,39,1982-12-17,0,,1,9,0,0.0,0,0.0,,,Spain,"['Spain', 'Hong Kong']",right,187,80,False,,,,,,,0.0,,,0.0,,0,,0,,,,0,,,0,,0,,,0.0,,,,,,,,,,,,,,,,,,,,,,,,,,,,,0.0,0.0,,,,,,,,,,,,,,,,,,,,0,,0,,0,0.0,0.0,,,,,,,,,,,0,0
Wong Ching Tak,Ching Tak Wong,-218915,Resources Capital,Resources Capital,https://cdn5.wyscout.com/photos/team/public/g11979_120x120.png,Premier League,,,0,,0,,0,19,2002-03-04,0,,1,7,0,0.0,0,0.0,,,Hong Kong,['Hong Kong'],,0,0,False,,,,,,,0.0,,,0.0,,0,,0,,,,0,,,0,,0,,,0.0,,,,,,,,,,,,,,,,,,,,,,,,,,,,,0.0,0.0,,,,,,,,,,,,,,,,,,,,0,,0,,0,0.0,0.0,,,,,,,,,,,0,0
H. Li,Hong Chun Li,-302289,South China,BC Rangers,https://cdn5.wyscout.com/photos/team/public/g3156_120x120.png,HKFA 1st Division,AMF,AMF,100,,0,,0,20,2002-01-08,0,,1,7,0,0.04,0,0.0,,,Hong Kong,['Hong Kong'],unknown,172,0,False,,,,,,,0.0,,,0.0,,0,,0,,,,0,,,0,,1,,,0.0,,,,,,,,,,,,,,,,,,,,,,,,,,,,,9.06,0.0,,,,,,,,,,,,,,,,,,,,0,,0,,0,0.0,0.0,,,,,,,,,,,0,0
Lucas Yan,Tianjian Lucas Ogawa Yan,-298222,Lucky Mile,Hong Kong FC,https://cdn5.wyscout.com/photos/team/public/g16449_120x120.png,,,,0,,0,,0,17,2005-04-20,0,,1,5,0,0.0,0,0.0,,,Hong Kong,['Hong Kong'],unknown,179,0,False,,,,,,,0.0,,,0.0,,0,,0,,,,0,,,0,,0,,,0.0,,,,,,,,,,,,,,,,,,,,,,,,,,,,,0.0,0.0,,,,,,,,,,,,,,,,,,,,0,,0,,0,0.0,0.0,,,,,,,,,,,0,0
Xie Weijun,Wai Chun Tse,330819,,BC Rangers,,,,,0,,0,,0,25,1997-01-30,0,,1,4,0,0.0,0,0.0,,,Hong Kong,['Hong Kong'],right,0,0,False,,,,,,,0.0,,,0.0,,0,,0,,,,0,,,0,,0,,,0.0,,,,,,,,,,,,,,,,,,,,,,,,,,,,,0.0,0.0,,,,,,,,,,,,,,,,,,,,0,,0,,0,0.0,0.0,,,,,,,,,,,0,0
T. Ogawa,Tianjian Lucas Ogawa,-304605,,Hong Kong FC,,,,,0,,0,,0,17,2005-04-20,0,,1,4,0,0.0,0,0.0,,,Japan,['Japan'],unknown,0,0,False,,,,,,,0.0,,,0.0,,0,,0,,,,0,,,0,,0,,,0.0,,,,,,,,,,,,,,,,,,,,,,,,,,,,,0.0,0.0,,,,,,,,,,,,,,,,,,,,0,,0,,0,0.0,0.0,,,,,,,,,,,0,0
Chang Kwong Yin,Kwong Yin Chang,-183435,,Kitchee,,,RWF,RWF,100,,0,,0,20,2002-02-24,0,,1,3,0,0.0,0,0.0,,,Hong Kong,['Hong Kong'],right,174,0,False,,,,,,,0.0,,,0.0,,0,,0,,,,0,,,0,,0,,,0.0,,,,,,,,,,,,,,,,,,,,,,,,,,,,,1.72,0.0,,,,,,,,,,,,,,,,,,,,0,,0,,0,0.0,0.0,,,,,,,,,,,0,0
A. Demian Chan,Adriel  Demian Chan,-183433,,Southern District,,,,,0,,0,,0,19,2003-05-22,0,,1,3,0,0.0,0,0.0,,,Hong Kong,['Hong Kong'],right,175,0,False,,,,,,,0.0,,,0.0,,0,,0,,,,0,,,0,,0,,,0.0,,,,,,,,,,,,,,,,,,,,,,,,,,,,,0.0,0.0,,,,,,,,,,,,,,,,,,,,0,,0,,0,0.0,0.0,,,,,,,,,,,0,0
Cheung Ka Chun,Ka Chun Cheung,-183467,,BC Rangers,,,,,0,,0,,0,22,2000-05-08,0,,1,0,0,0.0,0,0.0,,,Hong Kong,['Hong Kong'],,0,0,False,,,,,,,0.0,,,0.0,,0,,0,,,,0,,,0,,0,,,0.0,,,,,,,,,,,,,,,,,,,,,,,,,,,,,0.0,0.0,,,,,,,,,,,,,,,,,,,,0,,0,,0,0.0,0.0,,,,,,,,,,,0,0
